ID,Nombre,Edad,Puntaje,Ciudad,Genero,Altura,Peso,Ingresos
514,Juan,63.0,77,Ciudad D,M,196.0,168.0,150.0
76,Juan,63.0,71,Ciudad A,F,187.0,150.0,186.0
548,Ana,19.0,99,Ciudad A,F,199.0,163.0,158.0
48,María,27.0,93,Ciudad A,F,164.0,177.0,151.0
681,Luis,,86,Ciudad C,M,164.0,,
104,Ana,48.0,96,Ciudad D,F,177.0,158.0,183.0
943,María,36.0,70,Ciudad A,M,192.0,161.0,175.0
59,Carlos,,88,Ciudad E,M,156.0,165.0,159.0
694,Ana,,88,Ciudad E,F,162.0,,170.0
41,Juan,43.0,62,Ciudad C,M,,171.0,183.0
658,Luis,63.0,59,Ciudad A,M,164.0,184.0,157.0
70,María,19.0,99,Ciudad A,M,167.0,186.0,166.0
821,Juan,44.0,63,Ciudad D,M,190.0,196.0,177.0
801,Juan,65.0,52,Ciudad B,M,180.0,,169.0
188,Carlos,,74,Ciudad C,M,155.0,,196.0
451,Luis,34.0,88,Ciudad B,F,169.0,182.0,
311,María,59.0,91,Ciudad B,M,200.0,163.0,166.0
389,María,61.0,54,Ciudad D,F,175.0,158.0,166.0
199,Luis,59.0,76,Ciudad D,M,,167.0,150.0
451,Ana,26.0,79,Ciudad D,M,,155.0,155.0
231,Juan,,74,Ciudad D,F,177.0,173.0,192.0
76,Juan,63.0,71,Ciudad A,F,187.0,150.0,186.0
814,Luis,28.0,89,Ciudad D,F,182.0,191.0,179.0
957,Juan,40.0,64,Ciudad D,M,187.0,188.0,175.0
756,Ana,49.0,59,Ciudad C,F,159.0,152.0,
994,Ana,41.0,91,Ciudad A,M,175.0,158.0,
913,Juan,47.0,60,Ciudad E,M,186.0,,158.0
733,Carlos,,81,Ciudad D,F,163.0,158.0,199.0
955,Ana,23.0,81,Ciudad A,M,160.0,,157.0
816,Juan,45.0,63,Ciudad D,F,161.0,189.0,164.0
933,Luis,64.0,76,Ciudad D,M,174.0,155.0,189.0
912,Juan,29.0,61,Ciudad E,F,164.0,,157.0
58,María,59.0,83,Ciudad C,F,172.0,194.0,161.0
548,Juan,58.0,60,Ciudad B,M,182.0,183.0,167.0
474,Juan,35.0,95,Ciudad A,M,200.0,190.0,178.0
876,María,,57,Ciudad A,M,185.0,167.0,176.0
536,Luis,,83,Ciudad E,F,178.0,187.0,174.0
9,Carlos,,84,Ciudad C,F,192.0,164.0,157.0
69,Luis,60.0,84,Ciudad B,M,168.0,183.0,167.0
784,Ana,42.0,51,Ciudad B,M,169.0,182.0,
537,Luis,,68,Ciudad E,F,167.0,162.0,156.0
650,Juan,61.0,81,Ciudad A,F,156.0,173.0,197.0
578,María,40.0,89,Ciudad D,F,165.0,187.0,158.0
11,Luis,,96,Ciudad B,M,173.0,,154.0
246,Carlos,33.0,94,Ciudad E,F,199.0,161.0,165.0
203,Luis,29.0,79,Ciudad B,F,157.0,196.0,179.0
81,Juan,56.0,50,Ciudad B,M,151.0,190.0,166.0
553,Luis,50.0,59,Ciudad C,M,,150.0,165.0
22,Luis,48.0,86,Ciudad A,F,188.0,184.0,173.0
677,Luis,55.0,84,Ciudad D,F,,186.0,155.0
644,Carlos,,64,Ciudad A,M,,194.0,163.0
374,Ana,53.0,93,Ciudad E,M,198.0,,153.0
847,Luis,55.0,91,Ciudad C,F,160.0,174.0,154.0
681,Carlos,50.0,95,Ciudad E,F,,181.0,175.0
432,María,,68,Ciudad E,F,,157.0,194.0
25,Carlos,53.0,87,Ciudad A,M,197.0,,
260,María,,89,Ciudad E,F,174.0,171.0,174.0
311,Carlos,57.0,99,Ciudad A,F,159.0,168.0,164.0
54,Juan,57.0,62,Ciudad C,M,,190.0,159.0
11,María,65.0,52,Ciudad A,M,181.0,186.0,184.0
213,María,61.0,92,Ciudad B,M,,,162.0
19,Carlos,30.0,90,Ciudad A,M,162.0,171.0,195.0
483,Carlos,23.0,89,Ciudad C,F,174.0,167.0,182.0
761,Juan,20.0,79,Ciudad B,M,,166.0,150.0
892,Luis,42.0,80,Ciudad A,M,193.0,195.0,181.0
569,María,52.0,90,Ciudad A,M,150.0,155.0,187.0
342,Ana,,87,Ciudad E,F,,169.0,197.0
376,Ana,21.0,66,Ciudad E,M,152.0,196.0,188.0
608,Juan,57.0,79,Ciudad D,M,159.0,,191.0
547,Ana,60.0,65,Ciudad E,F,167.0,,177.0
551,María,46.0,77,Ciudad E,M,,,154.0
742,Luis,25.0,58,Ciudad C,M,,152.0,189.0
186,María,61.0,74,Ciudad D,F,192.0,,
293,Juan,,86,Ciudad A,M,158.0,194.0,197.0
118,Ana,,83,Ciudad E,M,187.0,158.0,178.0
948,Juan,19.0,58,Ciudad C,F,168.0,200.0,167.0
202,Luis,,74,Ciudad C,M,176.0,,193.0
545,Luis,,69,Ciudad A,F,175.0,,
679,Luis,31.0,100,Ciudad B,M,156.0,155.0,180.0
183,Luis,35.0,81,Ciudad C,F,157.0,193.0,192.0
222,Luis,46.0,61,Ciudad E,M,,182.0,157.0
175,Luis,46.0,99,Ciudad D,M,192.0,191.0,197.0
159,Luis,43.0,89,Ciudad C,F,152.0,153.0,169.0
936,María,24.0,77,Ciudad C,M,194.0,173.0,151.0
23,Carlos,34.0,75,Ciudad A,F,165.0,,161.0
172,María,,70,Ciudad B,F,168.0,194.0,193.0
43,María,35.0,97,Ciudad A,F,159.0,171.0,194.0
273,María,,51,Ciudad D,F,152.0,,167.0
29,María,37.0,59,Ciudad D,F,176.0,,197.0
688,María,36.0,90,Ciudad D,M,156.0,,163.0
865,Juan,39.0,63,Ciudad E,M,195.0,194.0,191.0
664,María,,84,Ciudad C,M,172.0,157.0,189.0
662,Carlos,,67,Ciudad B,F,,194.0,193.0
272,Luis,41.0,67,Ciudad D,F,178.0,175.0,
881,Ana,43.0,64,Ciudad B,M,154.0,168.0,151.0
25,María,41.0,82,Ciudad D,F,159.0,178.0,
806,Ana,47.0,90,Ciudad B,F,162.0,175.0,157.0
586,María,45.0,78,Ciudad B,M,172.0,158.0,183.0
543,Juan,,98,Ciudad E,F,,150.0,182.0
295,Juan,28.0,66,Ciudad B,M,,185.0,189.0
244,Ana,38.0,88,Ciudad B,F,159.0,195.0,155.0
107,Ana,,58,Ciudad A,M,171.0,198.0,193.0
229,Carlos,44.0,60,Ciudad D,F,186.0,194.0,193.0
169,Ana,,87,Ciudad D,F,,199.0,
598,María,26.0,100,Ciudad E,F,,,173.0
643,Luis,,69,Ciudad E,F,169.0,192.0,199.0
338,María,48.0,94,Ciudad A,F,,166.0,
54,Carlos,,88,Ciudad A,F,177.0,,157.0
171,María,65.0,60,Ciudad A,F,163.0,193.0,174.0
867,María,40.0,65,Ciudad C,M,187.0,196.0,163.0
262,Luis,26.0,62,Ciudad D,M,182.0,189.0,180.0
845,Juan,,100,Ciudad A,F,173.0,181.0,
579,Luis,33.0,65,Ciudad B,M,151.0,184.0,150.0
654,Carlos,40.0,52,Ciudad A,M,199.0,,181.0
192,Luis,48.0,75,Ciudad A,F,183.0,177.0,166.0
969,Carlos,33.0,98,Ciudad C,M,200.0,168.0,186.0
512,Carlos,43.0,72,Ciudad A,F,171.0,170.0,156.0
93,Carlos,,77,Ciudad E,F,196.0,169.0,198.0
227,Luis,20.0,53,Ciudad D,F,156.0,156.0,180.0
475,Juan,43.0,98,Ciudad E,F,165.0,161.0,162.0
78,Ana,22.0,74,Ciudad B,F,,183.0,182.0
479,Luis,38.0,54,Ciudad A,F,191.0,158.0,182.0
97,Ana,36.0,93,Ciudad D,F,178.0,177.0,173.0
501,María,,93,Ciudad E,M,,,155.0
962,Carlos,41.0,92,Ciudad C,F,194.0,,
232,Carlos,,98,Ciudad A,M,,157.0,
590,Ana,,87,Ciudad C,F,153.0,154.0,173.0
634,Ana,60.0,97,Ciudad E,F,168.0,174.0,181.0
201,Juan,64.0,99,Ciudad A,F,158.0,176.0,166.0
224,María,57.0,75,Ciudad C,F,155.0,160.0,153.0
405,Ana,40.0,82,Ciudad C,F,173.0,170.0,190.0
598,Luis,38.0,58,Ciudad C,F,159.0,191.0,185.0
910,Luis,,92,Ciudad A,M,156.0,177.0,156.0
931,Ana,31.0,88,Ciudad E,F,153.0,,159.0
541,Carlos,,97,Ciudad A,M,164.0,191.0,152.0
946,Luis,44.0,92,Ciudad E,F,,,
986,Luis,39.0,62,Ciudad D,F,196.0,162.0,
580,Carlos,33.0,76,Ciudad E,M,180.0,160.0,
743,Juan,48.0,52,Ciudad C,M,154.0,181.0,168.0
356,Ana,20.0,100,Ciudad D,F,152.0,180.0,
696,María,35.0,90,Ciudad E,F,179.0,155.0,187.0
204,Juan,36.0,50,Ciudad E,F,,,199.0
740,Juan,,63,Ciudad D,F,156.0,173.0,
770,Carlos,26.0,93,Ciudad A,F,161.0,192.0,155.0
970,María,,67,Ciudad B,F,182.0,182.0,199.0
951,María,32.0,71,Ciudad D,F,187.0,167.0,171.0
140,María,,64,Ciudad C,F,158.0,175.0,
126,Carlos,27.0,85,Ciudad D,M,178.0,,166.0
140,María,60.0,99,Ciudad B,F,170.0,,181.0
996,Juan,27.0,58,Ciudad D,F,177.0,167.0,
776,María,,69,Ciudad E,F,175.0,155.0,
379,Carlos,,61,Ciudad D,M,196.0,,191.0
305,Juan,,77,Ciudad C,M,172.0,,174.0
927,María,28.0,83,Ciudad B,F,151.0,193.0,
299,María,22.0,78,Ciudad A,F,,195.0,192.0
377,Carlos,63.0,50,Ciudad C,M,186.0,175.0,168.0
425,María,,95,Ciudad A,M,,150.0,174.0
730,Juan,35.0,51,Ciudad B,M,154.0,174.0,154.0
445,Ana,21.0,67,Ciudad B,F,192.0,190.0,161.0
180,Juan,56.0,86,Ciudad E,F,,171.0,
8,María,,50,Ciudad E,F,189.0,183.0,185.0
409,Carlos,,71,Ciudad E,M,196.0,171.0,171.0
304,Carlos,54.0,70,Ciudad D,M,196.0,,
470,Juan,61.0,59,Ciudad C,M,,,
406,Luis,44.0,66,Ciudad C,M,197.0,162.0,177.0
198,Luis,36.0,79,Ciudad A,F,193.0,,198.0
658,Luis,,71,Ciudad B,F,183.0,,153.0
359,Ana,,78,Ciudad E,F,189.0,200.0,189.0
371,María,53.0,65,Ciudad A,F,185.0,151.0,152.0
235,Juan,59.0,60,Ciudad E,F,156.0,153.0,181.0
597,María,22.0,55,Ciudad C,F,,190.0,186.0
72,María,50.0,67,Ciudad A,F,159.0,152.0,
828,María,,77,Ciudad B,M,195.0,199.0,192.0
695,María,48.0,99,Ciudad C,F,,153.0,
401,María,56.0,58,Ciudad A,M,,196.0,
455,Luis,60.0,97,Ciudad A,F,195.0,159.0,
159,Juan,20.0,94,Ciudad A,F,182.0,159.0,
879,Carlos,42.0,55,Ciudad D,F,,173.0,174.0
829,Ana,45.0,66,Ciudad A,M,198.0,163.0,184.0
532,Juan,34.0,97,Ciudad C,M,165.0,161.0,199.0
121,María,54.0,93,Ciudad B,M,200.0,186.0,185.0
621,Ana,25.0,60,Ciudad B,F,198.0,173.0,170.0
103,María,52.0,65,Ciudad E,F,187.0,170.0,159.0
634,Carlos,18.0,92,Ciudad D,F,152.0,168.0,160.0
125,Carlos,38.0,99,Ciudad C,M,156.0,164.0,
989,Ana,36.0,86,Ciudad D,M,182.0,183.0,179.0
39,María,54.0,53,Ciudad D,M,157.0,181.0,199.0
333,Carlos,52.0,61,Ciudad A,F,159.0,191.0,191.0
441,María,20.0,70,Ciudad E,F,171.0,193.0,
603,Luis,31.0,89,Ciudad B,M,162.0,187.0,161.0
318,Ana,,66,Ciudad D,F,174.0,150.0,194.0
669,María,,50,Ciudad E,M,152.0,,196.0
128,Carlos,49.0,98,Ciudad A,F,179.0,,187.0
595,Juan,,70,Ciudad D,F,153.0,154.0,196.0
161,Luis,18.0,94,Ciudad D,F,199.0,179.0,
875,Juan,,55,Ciudad E,M,,198.0,192.0
924,Carlos,48.0,78,Ciudad C,M,185.0,174.0,199.0
176,María,33.0,80,Ciudad D,F,,176.0,
413,Ana,25.0,76,Ciudad C,F,171.0,163.0,187.0
262,Luis,30.0,84,Ciudad C,M,195.0,154.0,167.0
171,Luis,43.0,55,Ciudad D,F,167.0,188.0,172.0
113,Carlos,22.0,84,Ciudad C,M,180.0,150.0,
897,María,47.0,73,Ciudad A,F,182.0,163.0,156.0
491,Ana,29.0,72,Ciudad E,M,181.0,153.0,198.0
82,Juan,53.0,66,Ciudad C,F,156.0,162.0,179.0
527,Carlos,60.0,83,Ciudad E,M,180.0,,168.0
256,Ana,24.0,62,Ciudad A,M,199.0,150.0,189.0
619,Carlos,62.0,70,Ciudad D,F,182.0,,199.0
261,Juan,,82,Ciudad A,M,196.0,177.0,152.0
745,Carlos,39.0,99,Ciudad B,F,189.0,199.0,158.0
513,María,42.0,85,Ciudad E,M,162.0,168.0,155.0
536,Luis,,83,Ciudad E,F,178.0,187.0,174.0
48,Juan,,94,Ciudad B,F,160.0,180.0,
783,Juan,47.0,68,Ciudad B,F,,,198.0
161,Carlos,52.0,90,Ciudad C,M,178.0,166.0,191.0
158,Juan,45.0,100,Ciudad A,F,167.0,186.0,
84,Ana,28.0,94,Ciudad C,F,150.0,,161.0
263,Carlos,24.0,51,Ciudad E,F,,158.0,153.0
572,Juan,37.0,71,Ciudad D,M,191.0,164.0,161.0
495,Luis,31.0,63,Ciudad C,F,,196.0,156.0
768,María,,84,Ciudad C,M,156.0,159.0,182.0
416,Juan,34.0,99,Ciudad B,M,,190.0,165.0
709,Carlos,,74,Ciudad C,M,180.0,,155.0
343,María,21.0,95,Ciudad B,M,183.0,156.0,164.0
14,Carlos,56.0,77,Ciudad B,F,172.0,183.0,193.0
55,Carlos,51.0,52,Ciudad B,M,161.0,200.0,197.0
182,María,,71,Ciudad B,F,172.0,152.0,190.0
802,María,23.0,60,Ciudad E,M,172.0,154.0,175.0
326,Juan,41.0,77,Ciudad E,M,,183.0,168.0
880,María,28.0,52,Ciudad C,M,,185.0,
402,Ana,58.0,68,Ciudad D,M,182.0,,159.0
29,Juan,30.0,84,Ciudad B,M,192.0,161.0,164.0
28,María,43.0,84,Ciudad B,F,193.0,161.0,177.0
226,Juan,41.0,94,Ciudad E,M,175.0,197.0,162.0
410,Luis,44.0,97,Ciudad C,F,157.0,184.0,199.0
133,Ana,38.0,99,Ciudad E,F,151.0,191.0,
53,María,19.0,54,Ciudad D,M,194.0,179.0,
142,María,26.0,50,Ciudad B,F,153.0,181.0,193.0
269,Juan,54.0,72,Ciudad C,F,,199.0,176.0
606,María,21.0,64,Ciudad C,F,154.0,175.0,177.0
306,Juan,51.0,70,Ciudad C,F,188.0,176.0,190.0
892,Juan,37.0,94,Ciudad C,M,151.0,165.0,171.0
751,Carlos,46.0,99,Ciudad E,M,168.0,192.0,
469,Luis,,90,Ciudad E,M,175.0,178.0,193.0
1000,María,60.0,92,Ciudad E,M,187.0,183.0,187.0
11,María,65.0,52,Ciudad A,M,181.0,186.0,184.0
448,Luis,38.0,51,Ciudad E,F,,183.0,174.0
34,Ana,43.0,53,Ciudad D,M,,159.0,176.0
931,Luis,46.0,62,Ciudad A,M,,,194.0
616,Juan,43.0,75,Ciudad B,M,196.0,168.0,158.0
771,Ana,18.0,50,Ciudad E,M,,157.0,
453,María,39.0,77,Ciudad E,M,163.0,155.0,158.0
422,María,38.0,73,Ciudad D,M,164.0,178.0,195.0
673,Luis,63.0,98,Ciudad B,F,156.0,,196.0
370,María,,55,Ciudad C,M,150.0,165.0,197.0
302,Juan,37.0,98,Ciudad B,M,185.0,189.0,159.0
736,Carlos,29.0,77,Ciudad B,M,175.0,,170.0
424,Luis,26.0,91,Ciudad A,F,,,179.0
462,Ana,51.0,80,Ciudad D,F,188.0,186.0,152.0
573,María,37.0,62,Ciudad E,M,191.0,171.0,172.0
583,María,28.0,62,Ciudad B,F,154.0,183.0,192.0
797,Juan,34.0,68,Ciudad D,F,,,162.0
219,Ana,63.0,83,Ciudad D,M,177.0,190.0,172.0
798,Juan,,82,Ciudad D,M,161.0,193.0,188.0
331,Juan,47.0,58,Ciudad C,M,166.0,187.0,194.0
772,Juan,33.0,56,Ciudad A,F,189.0,173.0,189.0
467,Carlos,51.0,65,Ciudad B,M,156.0,156.0,163.0
33,Juan,55.0,52,Ciudad D,M,163.0,199.0,183.0
575,María,31.0,74,Ciudad C,M,,174.0,197.0
513,Luis,52.0,55,Ciudad E,M,177.0,167.0,191.0
858,Juan,64.0,85,Ciudad C,M,185.0,196.0,187.0
785,Luis,,71,Ciudad C,F,176.0,160.0,174.0
173,Luis,62.0,66,Ciudad B,M,191.0,193.0,200.0
279,Ana,55.0,59,Ciudad A,F,200.0,161.0,195.0
637,Luis,,99,Ciudad D,M,185.0,,189.0
602,Luis,,80,Ciudad D,F,189.0,183.0,178.0
404,María,26.0,86,Ciudad D,M,199.0,171.0,179.0
625,María,19.0,55,Ciudad E,F,185.0,161.0,181.0
446,Carlos,55.0,70,Ciudad E,M,172.0,,164.0
881,Ana,43.0,64,Ciudad B,M,154.0,168.0,151.0
200,Luis,,51,Ciudad D,F,150.0,159.0,197.0
894,Carlos,40.0,78,Ciudad B,M,166.0,192.0,157.0
886,María,27.0,65,Ciudad E,M,172.0,174.0,165.0
620,Ana,24.0,99,Ciudad D,F,,150.0,153.0
531,Juan,52.0,63,Ciudad A,F,164.0,179.0,177.0
870,Carlos,,88,Ciudad A,M,179.0,159.0,
630,Luis,,78,Ciudad B,F,186.0,183.0,171.0
840,Carlos,43.0,98,Ciudad E,M,185.0,182.0,155.0
792,Luis,54.0,55,Ciudad D,M,197.0,,
301,María,,87,Ciudad C,F,185.0,150.0,194.0
666,Luis,45.0,74,Ciudad E,F,200.0,197.0,169.0
207,Luis,47.0,82,Ciudad D,M,192.0,,164.0
444,Carlos,25.0,94,Ciudad D,M,157.0,186.0,161.0
885,Ana,,63,Ciudad E,F,176.0,167.0,198.0
310,María,19.0,95,Ciudad D,M,158.0,174.0,152.0
273,Ana,,81,Ciudad A,F,157.0,189.0,
61,Ana,34.0,60,Ciudad A,M,,172.0,179.0
235,Juan,50.0,61,Ciudad C,M,,177.0,154.0
956,Carlos,59.0,94,Ciudad A,F,173.0,,
782,Carlos,65.0,82,Ciudad C,M,188.0,191.0,155.0
954,María,65.0,73,Ciudad D,F,170.0,193.0,152.0
326,Luis,,56,Ciudad B,M,170.0,185.0,170.0
160,María,31.0,78,Ciudad C,M,,169.0,194.0
863,Juan,51.0,67,Ciudad C,M,172.0,170.0,
325,María,20.0,72,Ciudad B,F,159.0,197.0,166.0
700,Luis,28.0,77,Ciudad D,M,181.0,,161.0
519,Juan,34.0,58,Ciudad A,M,166.0,189.0,170.0
762,Ana,52.0,53,Ciudad E,M,195.0,,166.0
416,Luis,18.0,86,Ciudad E,M,177.0,177.0,
30,Ana,39.0,97,Ciudad B,F,180.0,,196.0
811,Carlos,,69,Ciudad D,M,179.0,194.0,156.0
460,María,50.0,80,Ciudad E,F,163.0,198.0,193.0
166,Carlos,60.0,89,Ciudad C,F,194.0,197.0,192.0
417,María,38.0,71,Ciudad E,F,200.0,162.0,178.0
452,María,,63,Ciudad C,M,157.0,183.0,200.0
743,Juan,,56,Ciudad A,M,183.0,184.0,
688,Luis,28.0,68,Ciudad A,F,169.0,198.0,192.0
532,Ana,63.0,78,Ciudad E,M,186.0,179.0,150.0
726,María,61.0,69,Ciudad E,F,,,
918,Ana,52.0,71,Ciudad E,M,,,
524,Carlos,58.0,96,Ciudad D,F,166.0,195.0,155.0
960,María,30.0,93,Ciudad E,M,186.0,167.0,183.0
433,María,40.0,55,Ciudad D,M,,177.0,164.0
308,Ana,,73,Ciudad E,F,158.0,,158.0
496,María,38.0,58,Ciudad E,F,167.0,,180.0
708,Luis,26.0,92,Ciudad C,F,154.0,192.0,157.0
359,Juan,64.0,100,Ciudad B,M,163.0,195.0,161.0
577,María,56.0,84,Ciudad A,F,166.0,188.0,154.0
557,Juan,59.0,98,Ciudad A,M,151.0,,181.0
774,Carlos,27.0,55,Ciudad B,F,155.0,170.0,
847,María,65.0,89,Ciudad B,M,181.0,,184.0
819,Luis,,79,Ciudad C,M,197.0,153.0,180.0
493,Juan,48.0,56,Ciudad E,M,193.0,192.0,172.0
356,Ana,20.0,100,Ciudad D,F,152.0,180.0,
834,Ana,50.0,92,Ciudad D,F,171.0,156.0,174.0
298,Carlos,27.0,88,Ciudad B,F,170.0,151.0,195.0
430,Juan,47.0,89,Ciudad C,F,190.0,164.0,187.0
562,María,58.0,73,Ciudad E,M,168.0,165.0,198.0
784,Juan,52.0,86,Ciudad A,M,,,173.0
231,María,26.0,69,Ciudad A,F,171.0,193.0,154.0
706,Ana,25.0,89,Ciudad C,F,,198.0,
568,Luis,22.0,92,Ciudad B,F,,186.0,
541,María,49.0,79,Ciudad D,F,,200.0,
808,Carlos,,95,Ciudad E,M,,,172.0
431,Luis,,87,Ciudad B,M,188.0,185.0,165.0
157,Carlos,38.0,64,Ciudad D,F,175.0,192.0,
34,María,57.0,97,Ciudad E,F,186.0,179.0,167.0
491,Juan,39.0,54,Ciudad B,M,176.0,178.0,
136,Juan,62.0,54,Ciudad A,F,198.0,163.0,189.0
653,María,56.0,60,Ciudad D,M,175.0,175.0,169.0
528,Carlos,,82,Ciudad A,M,157.0,163.0,
567,María,36.0,98,Ciudad C,M,183.0,191.0,162.0
688,María,36.0,90,Ciudad D,M,156.0,,163.0
870,Juan,35.0,73,Ciudad A,M,184.0,178.0,155.0
397,Carlos,39.0,91,Ciudad E,F,,,195.0
887,Carlos,55.0,92,Ciudad B,F,,196.0,
338,Ana,50.0,95,Ciudad E,M,,175.0,
21,Juan,,78,Ciudad D,M,198.0,,189.0
909,Ana,,56,Ciudad D,M,168.0,,
429,María,56.0,98,Ciudad B,M,175.0,160.0,160.0
60,Luis,22.0,53,Ciudad C,F,183.0,180.0,173.0
653,María,54.0,94,Ciudad C,M,167.0,183.0,186.0
923,Juan,33.0,68,Ciudad D,F,175.0,179.0,174.0
185,Carlos,,90,Ciudad D,M,156.0,,182.0
980,Luis,45.0,76,Ciudad B,M,192.0,196.0,185.0
659,María,32.0,66,Ciudad B,M,173.0,,179.0
855,María,57.0,65,Ciudad B,F,163.0,179.0,
196,Carlos,,96,Ciudad A,M,168.0,170.0,155.0
881,Ana,23.0,59,Ciudad A,F,191.0,192.0,178.0
969,María,20.0,87,Ciudad A,F,180.0,161.0,164.0
626,Carlos,29.0,91,Ciudad B,F,182.0,,
213,Ana,,93,Ciudad E,M,168.0,167.0,200.0
15,María,37.0,74,Ciudad A,F,160.0,,165.0
139,Ana,64.0,60,Ciudad D,F,189.0,198.0,167.0
200,Luis,,51,Ciudad D,F,150.0,159.0,197.0
175,Juan,24.0,73,Ciudad A,F,188.0,185.0,177.0
837,Ana,22.0,57,Ciudad C,F,171.0,195.0,157.0
122,Luis,28.0,50,Ciudad E,F,182.0,184.0,162.0
14,Carlos,56.0,77,Ciudad B,F,172.0,183.0,193.0
347,Luis,30.0,72,Ciudad B,M,,195.0,
139,Juan,37.0,93,Ciudad C,M,192.0,176.0,166.0
344,Juan,21.0,81,Ciudad B,F,150.0,187.0,190.0
842,Ana,59.0,90,Ciudad D,M,187.0,,168.0
740,Luis,51.0,70,Ciudad D,M,194.0,,193.0
826,Luis,21.0,96,Ciudad D,M,156.0,,182.0
530,Juan,,89,Ciudad B,F,,182.0,
687,Juan,64.0,85,Ciudad B,M,178.0,177.0,156.0
535,Ana,58.0,100,Ciudad C,M,181.0,173.0,158.0
748,Luis,46.0,52,Ciudad C,M,174.0,196.0,181.0
254,Carlos,,53,Ciudad A,F,,169.0,166.0
409,Luis,38.0,65,Ciudad B,M,185.0,168.0,
330,Luis,26.0,76,Ciudad B,M,159.0,181.0,
983,Carlos,36.0,90,Ciudad B,M,,166.0,199.0
242,Ana,,84,Ciudad D,M,,,157.0
976,Juan,35.0,81,Ciudad B,F,168.0,174.0,175.0
49,Juan,31.0,63,Ciudad D,M,200.0,,151.0
462,Luis,63.0,97,Ciudad E,M,198.0,181.0,184.0
124,Ana,49.0,79,Ciudad B,F,183.0,155.0,166.0
349,Carlos,27.0,97,Ciudad C,F,156.0,161.0,185.0
8,Luis,33.0,69,Ciudad D,M,157.0,184.0,179.0
765,María,63.0,79,Ciudad E,F,170.0,164.0,
312,Juan,,57,Ciudad E,F,,194.0,165.0
56,Carlos,58.0,58,Ciudad B,M,175.0,198.0,195.0
824,María,49.0,70,Ciudad B,F,188.0,165.0,197.0
98,María,26.0,64,Ciudad E,F,,198.0,
463,Carlos,57.0,62,Ciudad A,F,199.0,183.0,186.0
214,Juan,,81,Ciudad A,F,158.0,198.0,171.0
966,Ana,46.0,74,Ciudad A,F,150.0,153.0,
232,María,55.0,77,Ciudad C,M,183.0,177.0,161.0
72,Luis,35.0,70,Ciudad B,F,151.0,194.0,186.0
244,Juan,,89,Ciudad C,M,150.0,172.0,
104,Juan,64.0,56,Ciudad C,F,165.0,151.0,189.0
818,Luis,25.0,100,Ciudad C,M,150.0,,158.0
966,Ana,61.0,83,Ciudad D,F,159.0,168.0,184.0
535,Carlos,,73,Ciudad E,F,185.0,199.0,185.0
851,Carlos,47.0,75,Ciudad E,M,,163.0,151.0
67,Ana,52.0,91,Ciudad E,F,177.0,180.0,
662,Carlos,55.0,100,Ciudad C,M,170.0,175.0,
9,Ana,20.0,64,Ciudad C,M,185.0,184.0,176.0
190,Carlos,21.0,62,Ciudad B,M,182.0,181.0,173.0
748,Ana,62.0,82,Ciudad A,F,156.0,190.0,
591,Carlos,27.0,96,Ciudad A,M,181.0,165.0,
464,Juan,31.0,82,Ciudad B,M,178.0,150.0,
98,Juan,,88,Ciudad E,F,171.0,157.0,184.0
88,María,58.0,67,Ciudad A,M,200.0,185.0,179.0
539,Ana,46.0,53,Ciudad B,M,200.0,,163.0
540,Luis,18.0,91,Ciudad D,M,194.0,,200.0
283,Ana,51.0,97,Ciudad A,M,157.0,158.0,
187,María,62.0,81,Ciudad C,F,189.0,153.0,158.0
779,Ana,40.0,72,Ciudad E,F,172.0,200.0,
178,Juan,,90,Ciudad B,M,188.0,186.0,167.0
761,Luis,43.0,70,Ciudad C,M,164.0,174.0,162.0
982,Juan,,83,Ciudad E,M,179.0,150.0,
739,Ana,18.0,96,Ciudad C,F,,,167.0
390,Juan,28.0,74,Ciudad A,M,,193.0,153.0
975,Carlos,,66,Ciudad D,F,178.0,165.0,
243,Carlos,33.0,83,Ciudad A,F,177.0,,167.0
530,Ana,,50,Ciudad B,F,171.0,163.0,160.0
961,Ana,,83,Ciudad D,M,174.0,156.0,
38,Ana,33.0,71,Ciudad C,F,197.0,170.0,153.0
275,Ana,30.0,51,Ciudad E,M,195.0,151.0,172.0
353,María,18.0,92,Ciudad D,F,195.0,182.0,
994,María,26.0,84,Ciudad A,M,189.0,175.0,182.0
437,Luis,55.0,84,Ciudad C,F,,197.0,181.0
380,Carlos,59.0,83,Ciudad D,F,163.0,,185.0
162,Luis,,57,Ciudad D,M,153.0,154.0,
613,Juan,,81,Ciudad C,F,191.0,198.0,156.0
454,Luis,29.0,78,Ciudad C,M,195.0,188.0,186.0
599,Luis,37.0,64,Ciudad C,M,171.0,195.0,
787,Carlos,61.0,59,Ciudad C,F,187.0,,
772,Juan,61.0,76,Ciudad A,F,165.0,167.0,169.0
381,Luis,52.0,81,Ciudad E,F,,164.0,
584,Juan,25.0,65,Ciudad D,M,169.0,196.0,187.0
908,Carlos,,78,Ciudad E,M,185.0,151.0,195.0
633,Juan,35.0,56,Ciudad C,F,167.0,157.0,182.0
647,María,59.0,83,Ciudad A,M,173.0,,174.0
582,Carlos,,57,Ciudad C,M,156.0,188.0,
435,Juan,,92,Ciudad E,M,154.0,176.0,
557,Juan,33.0,53,Ciudad E,M,192.0,178.0,197.0
566,Carlos,36.0,83,Ciudad A,F,198.0,152.0,151.0
869,María,58.0,78,Ciudad D,F,170.0,190.0,181.0
269,Luis,49.0,53,Ciudad A,M,,155.0,
762,Ana,24.0,90,Ciudad C,F,175.0,,156.0
532,Ana,63.0,78,Ciudad E,M,186.0,179.0,150.0
628,Ana,58.0,98,Ciudad B,M,,200.0,192.0
349,Carlos,27.0,97,Ciudad C,F,156.0,161.0,185.0
305,Juan,,77,Ciudad C,M,172.0,,174.0
773,Ana,,70,Ciudad B,M,,187.0,158.0
542,Luis,55.0,53,Ciudad A,F,180.0,188.0,178.0
906,Carlos,33.0,82,Ciudad B,M,177.0,197.0,
697,Luis,,72,Ciudad E,F,164.0,181.0,
480,Luis,49.0,56,Ciudad E,F,200.0,174.0,
189,Ana,65.0,89,Ciudad B,M,158.0,179.0,184.0
769,Carlos,43.0,92,Ciudad D,M,192.0,172.0,186.0
403,Luis,40.0,55,Ciudad E,M,169.0,,153.0
77,María,25.0,87,Ciudad B,F,165.0,164.0,
717,María,32.0,89,Ciudad E,F,,,168.0
629,Ana,45.0,56,Ciudad C,F,,,174.0
373,María,51.0,80,Ciudad D,M,164.0,162.0,152.0
191,Juan,53.0,76,Ciudad E,M,185.0,158.0,161.0
285,Juan,48.0,93,Ciudad D,F,153.0,160.0,196.0
508,Luis,34.0,74,Ciudad D,M,,151.0,
925,Juan,27.0,61,Ciudad A,M,174.0,157.0,157.0
886,Carlos,,90,Ciudad C,M,188.0,180.0,
522,Juan,60.0,83,Ciudad D,F,181.0,167.0,183.0
807,Juan,32.0,62,Ciudad E,F,169.0,155.0,189.0
913,María,23.0,96,Ciudad C,M,151.0,178.0,158.0
755,Carlos,26.0,66,Ciudad D,F,162.0,177.0,182.0
61,Carlos,,63,Ciudad A,M,,,194.0
852,Carlos,,98,Ciudad B,M,185.0,150.0,193.0
238,Luis,52.0,66,Ciudad C,F,161.0,153.0,160.0
198,María,,90,Ciudad A,F,163.0,176.0,174.0
884,Ana,41.0,84,Ciudad D,M,159.0,183.0,
445,Carlos,37.0,50,Ciudad C,F,151.0,,166.0
844,María,,94,Ciudad A,M,157.0,161.0,162.0
963,Carlos,63.0,76,Ciudad B,M,189.0,169.0,163.0
972,María,32.0,74,Ciudad A,F,163.0,170.0,159.0
641,Juan,,90,Ciudad D,F,196.0,158.0,168.0
979,María,36.0,55,Ciudad A,M,150.0,174.0,193.0
140,María,,64,Ciudad C,F,158.0,175.0,
812,María,36.0,51,Ciudad E,M,172.0,182.0,168.0
672,Ana,,65,Ciudad B,F,165.0,191.0,163.0
600,María,25.0,100,Ciudad C,F,190.0,192.0,162.0
113,Juan,,75,Ciudad D,F,186.0,,150.0
813,Ana,43.0,97,Ciudad D,M,169.0,,197.0
314,María,20.0,88,Ciudad D,F,176.0,,
818,Luis,63.0,57,Ciudad D,M,151.0,,164.0
692,María,64.0,96,Ciudad C,M,151.0,173.0,179.0
71,Ana,,100,Ciudad B,M,157.0,181.0,162.0
757,Ana,21.0,96,Ciudad A,F,198.0,165.0,181.0
454,Carlos,34.0,86,Ciudad D,F,157.0,161.0,187.0
50,María,20.0,97,Ciudad D,M,188.0,186.0,159.0
753,Carlos,36.0,71,Ciudad A,M,155.0,160.0,189.0
875,Carlos,63.0,63,Ciudad A,F,178.0,169.0,167.0
218,Carlos,43.0,52,Ciudad E,M,200.0,184.0,175.0
570,Juan,,63,Ciudad D,M,180.0,150.0,198.0
575,María,31.0,74,Ciudad C,M,,174.0,197.0
87,Carlos,63.0,69,Ciudad B,F,,165.0,195.0
204,Juan,53.0,79,Ciudad C,M,187.0,165.0,166.0
294,Carlos,54.0,70,Ciudad A,M,,153.0,
810,Luis,47.0,63,Ciudad D,M,200.0,188.0,173.0
660,Ana,24.0,71,Ciudad D,M,163.0,174.0,199.0
619,María,,99,Ciudad C,F,,,183.0
78,María,54.0,66,Ciudad B,F,172.0,187.0,190.0
602,Luis,,80,Ciudad D,M,,153.0,188.0
657,Luis,48.0,56,Ciudad E,F,191.0,,171.0
789,María,54.0,75,Ciudad C,F,152.0,150.0,180.0
684,Ana,,73,Ciudad B,M,177.0,198.0,151.0
537,Juan,41.0,54,Ciudad A,M,,161.0,
951,María,32.0,71,Ciudad D,F,187.0,167.0,171.0
592,Carlos,22.0,70,Ciudad D,F,176.0,181.0,197.0
424,María,31.0,61,Ciudad D,M,151.0,194.0,167.0
998,Juan,41.0,52,Ciudad D,F,157.0,170.0,199.0
370,Juan,50.0,94,Ciudad D,M,170.0,186.0,
309,Luis,39.0,52,Ciudad C,F,167.0,157.0,179.0
191,Carlos,52.0,73,Ciudad E,F,155.0,160.0,182.0
941,Carlos,,87,Ciudad A,M,,,184.0
114,Luis,49.0,54,Ciudad C,F,,,164.0
935,Luis,53.0,65,Ciudad B,M,156.0,156.0,178.0
675,Ana,34.0,59,Ciudad C,F,169.0,199.0,171.0
290,Juan,25.0,77,Ciudad B,F,154.0,,
940,Juan,,71,Ciudad A,F,195.0,,174.0
601,María,40.0,92,Ciudad B,F,173.0,157.0,198.0
766,Juan,,95,Ciudad A,F,172.0,181.0,177.0
216,Carlos,33.0,90,Ciudad D,F,,153.0,160.0
357,Ana,24.0,89,Ciudad E,F,165.0,173.0,169.0
347,María,18.0,98,Ciudad E,F,182.0,183.0,172.0
614,Juan,33.0,57,Ciudad B,F,165.0,,192.0
986,Luis,60.0,72,Ciudad E,M,191.0,181.0,162.0
225,Ana,26.0,77,Ciudad B,F,,190.0,
117,Ana,41.0,56,Ciudad A,F,186.0,,187.0
854,Carlos,27.0,90,Ciudad A,F,169.0,,174.0
921,Juan,64.0,89,Ciudad B,F,177.0,,153.0
925,Luis,43.0,60,Ciudad C,F,164.0,160.0,168.0
580,Luis,62.0,81,Ciudad A,M,159.0,156.0,
581,Luis,64.0,70,Ciudad D,F,164.0,161.0,
914,Luis,23.0,81,Ciudad D,M,198.0,173.0,157.0
258,Ana,24.0,71,Ciudad C,F,187.0,,174.0
442,Luis,,60,Ciudad C,M,160.0,171.0,166.0
922,Luis,46.0,95,Ciudad C,F,157.0,154.0,177.0
893,Ana,47.0,73,Ciudad B,F,188.0,191.0,192.0
444,Carlos,59.0,94,Ciudad E,F,158.0,191.0,188.0
415,Ana,31.0,55,Ciudad D,F,184.0,151.0,150.0
932,Ana,54.0,81,Ciudad A,F,166.0,187.0,176.0
307,Ana,51.0,76,Ciudad C,F,,154.0,180.0
773,Ana,,70,Ciudad B,M,,187.0,158.0
747,Juan,53.0,79,Ciudad E,F,177.0,171.0,
701,Luis,,50,Ciudad C,M,160.0,152.0,169.0
13,María,22.0,57,Ciudad D,M,154.0,157.0,158.0
426,Carlos,,84,Ciudad B,F,194.0,,184.0
33,Luis,65.0,52,Ciudad C,M,152.0,192.0,200.0
334,Ana,30.0,54,Ciudad A,F,194.0,156.0,162.0
815,Ana,37.0,69,Ciudad C,M,157.0,165.0,200.0
187,Carlos,24.0,61,Ciudad D,M,,159.0,161.0
767,Luis,,51,Ciudad A,M,168.0,192.0,
750,Carlos,46.0,56,Ciudad D,M,191.0,173.0,196.0
480,Luis,49.0,56,Ciudad E,F,200.0,174.0,
436,Ana,19.0,74,Ciudad B,F,179.0,186.0,151.0
942,Ana,36.0,81,Ciudad A,M,176.0,158.0,
160,Luis,34.0,89,Ciudad A,F,179.0,,165.0
708,María,28.0,71,Ciudad D,M,190.0,174.0,157.0
22,Carlos,65.0,59,Ciudad C,F,167.0,159.0,175.0
616,María,60.0,65,Ciudad A,F,176.0,198.0,163.0
279,Ana,55.0,59,Ciudad A,F,200.0,161.0,195.0
902,Carlos,20.0,90,Ciudad D,M,,,150.0
906,Juan,18.0,82,Ciudad C,F,162.0,166.0,
800,Ana,26.0,68,Ciudad D,F,165.0,160.0,
505,Carlos,55.0,93,Ciudad D,M,182.0,185.0,156.0
911,María,46.0,55,Ciudad C,F,167.0,163.0,
627,Luis,50.0,64,Ciudad D,F,168.0,,175.0
973,Juan,32.0,56,Ciudad B,M,,,154.0
210,Ana,23.0,89,Ciudad B,M,176.0,150.0,182.0
638,Ana,33.0,80,Ciudad D,F,155.0,151.0,191.0
758,Ana,56.0,54,Ciudad C,F,195.0,169.0,177.0
828,Juan,45.0,58,Ciudad A,F,,179.0,156.0
268,Carlos,51.0,75,Ciudad D,M,191.0,191.0,159.0
656,Ana,56.0,61,Ciudad B,M,167.0,197.0,
55,Juan,,74,Ciudad A,M,164.0,166.0,199.0
62,Ana,19.0,73,Ciudad C,F,193.0,,
472,Carlos,23.0,82,Ciudad A,F,192.0,161.0,
566,María,33.0,91,Ciudad D,M,170.0,160.0,151.0
915,María,49.0,86,Ciudad B,F,,,
563,Ana,34.0,76,Ciudad C,M,173.0,180.0,191.0
177,Juan,50.0,82,Ciudad C,F,175.0,190.0,152.0
473,María,20.0,87,Ciudad C,F,197.0,184.0,
121,María,54.0,93,Ciudad B,M,200.0,186.0,185.0
63,Ana,22.0,91,Ciudad C,M,199.0,,183.0
205,Juan,26.0,83,Ciudad A,F,190.0,151.0,
27,Luis,55.0,98,Ciudad B,F,181.0,,192.0
72,María,50.0,67,Ciudad A,F,159.0,152.0,
251,Luis,48.0,82,Ciudad A,F,,,180.0
305,Luis,65.0,59,Ciudad B,F,164.0,187.0,
142,Ana,28.0,95,Ciudad B,M,151.0,194.0,
253,Carlos,65.0,64,Ciudad B,M,163.0,,
34,María,57.0,97,Ciudad E,F,186.0,179.0,167.0
917,Ana,20.0,61,Ciudad D,M,,182.0,195.0
5,Ana,31.0,72,Ciudad D,F,167.0,154.0,151.0
19,María,,81,Ciudad A,F,200.0,180.0,162.0
291,Carlos,37.0,79,Ciudad A,M,163.0,,186.0
277,Juan,26.0,78,Ciudad B,M,189.0,165.0,174.0
728,Juan,54.0,53,Ciudad E,M,153.0,,186.0
378,María,,72,Ciudad B,F,,166.0,
146,Luis,61.0,62,Ciudad E,M,174.0,193.0,196.0
720,Juan,32.0,98,Ciudad A,F,195.0,175.0,185.0
341,Carlos,61.0,99,Ciudad A,F,200.0,,160.0
345,Luis,60.0,60,Ciudad B,M,167.0,199.0,167.0
860,María,53.0,53,Ciudad E,F,152.0,176.0,155.0
704,Juan,45.0,77,Ciudad B,F,168.0,185.0,160.0
328,Juan,,74,Ciudad E,M,192.0,169.0,180.0
441,María,41.0,52,Ciudad A,F,,175.0,163.0
903,Juan,60.0,54,Ciudad E,M,199.0,194.0,164.0
303,María,,80,Ciudad A,M,175.0,188.0,199.0
913,Juan,47.0,60,Ciudad E,M,186.0,,158.0
836,Juan,43.0,56,Ciudad A,F,178.0,,169.0
388,María,54.0,77,Ciudad C,M,177.0,,184.0
106,Luis,58.0,72,Ciudad C,M,166.0,200.0,172.0
550,Luis,45.0,77,Ciudad A,M,182.0,,
503,Juan,55.0,76,Ciudad E,F,177.0,199.0,188.0
433,Juan,,58,Ciudad C,F,,,173.0
366,Carlos,26.0,79,Ciudad A,M,184.0,188.0,197.0
82,Ana,18.0,69,Ciudad D,M,151.0,189.0,
37,Luis,49.0,51,Ciudad A,F,170.0,188.0,195.0
399,María,,99,Ciudad D,M,,184.0,195.0
364,María,,57,Ciudad C,F,155.0,151.0,180.0
98,María,26.0,64,Ciudad E,F,,198.0,
307,Juan,41.0,100,Ciudad A,F,162.0,,157.0
17,Ana,24.0,70,Ciudad B,F,188.0,160.0,179.0
702,Juan,52.0,91,Ciudad C,M,,170.0,193.0
707,Ana,26.0,77,Ciudad A,M,198.0,,186.0
195,Ana,38.0,69,Ciudad C,F,154.0,162.0,
427,Luis,34.0,87,Ciudad B,M,194.0,186.0,164.0
350,Juan,23.0,76,Ciudad E,F,156.0,,
406,María,32.0,84,Ciudad C,M,174.0,,170.0
184,María,,53,Ciudad A,M,164.0,,
268,Luis,37.0,65,Ciudad D,F,,173.0,187.0
212,Juan,29.0,81,Ciudad B,M,160.0,185.0,162.0
156,Ana,,74,Ciudad E,M,,162.0,
20,Carlos,,75,Ciudad C,F,160.0,,158.0
288,Luis,59.0,55,Ciudad D,M,197.0,196.0,187.0
357,Luis,33.0,58,Ciudad C,F,189.0,176.0,161.0
380,Carlos,59.0,83,Ciudad D,F,163.0,,185.0
665,Ana,,50,Ciudad C,M,186.0,160.0,
372,Ana,46.0,78,Ciudad C,F,172.0,189.0,186.0
132,María,,61,Ciudad B,M,188.0,,
564,Luis,27.0,97,Ciudad D,M,179.0,166.0,198.0
390,Ana,31.0,86,Ciudad C,M,,169.0,193.0
730,Juan,35.0,51,Ciudad B,M,154.0,174.0,154.0
968,Luis,64.0,70,Ciudad B,F,,170.0,
913,María,23.0,96,Ciudad C,M,151.0,178.0,158.0
577,Juan,,51,Ciudad E,F,169.0,182.0,199.0
730,Carlos,,87,Ciudad B,F,,181.0,171.0
632,Juan,48.0,98,Ciudad C,M,180.0,176.0,
887,Ana,21.0,100,Ciudad C,M,165.0,196.0,158.0
56,Carlos,43.0,75,Ciudad C,M,157.0,199.0,166.0
379,Ana,,52,Ciudad B,M,,154.0,191.0
14,María,59.0,54,Ciudad D,F,160.0,,180.0
646,Ana,24.0,63,Ciudad E,M,,178.0,193.0
905,Juan,26.0,77,Ciudad E,F,181.0,164.0,196.0
843,Juan,33.0,95,Ciudad D,F,192.0,160.0,
753,Ana,,89,Ciudad B,M,,182.0,159.0
625,María,40.0,62,Ciudad D,M,154.0,200.0,157.0
177,María,50.0,80,Ciudad D,M,165.0,,162.0
711,Juan,,61,Ciudad D,M,,154.0,176.0
292,Carlos,46.0,68,Ciudad D,F,154.0,197.0,162.0
365,María,28.0,94,Ciudad B,M,171.0,160.0,153.0
574,María,,75,Ciudad D,M,165.0,200.0,198.0
882,Carlos,45.0,54,Ciudad E,M,185.0,157.0,198.0
226,María,65.0,99,Ciudad B,M,175.0,186.0,200.0
801,Luis,45.0,56,Ciudad B,M,161.0,178.0,157.0
407,Juan,33.0,80,Ciudad B,F,165.0,185.0,
200,María,59.0,71,Ciudad A,M,151.0,,172.0
596,Ana,53.0,100,Ciudad E,F,199.0,,183.0
153,Carlos,27.0,85,Ciudad A,M,189.0,190.0,190.0
937,Luis,34.0,51,Ciudad B,M,186.0,192.0,165.0
465,María,29.0,98,Ciudad D,M,196.0,172.0,168.0
471,Carlos,38.0,86,Ciudad A,F,171.0,,
1,Juan,21.0,57,Ciudad E,M,170.0,196.0,169.0
194,Juan,42.0,59,Ciudad A,F,164.0,168.0,188.0
112,Ana,,83,Ciudad C,F,157.0,150.0,196.0
721,María,34.0,73,Ciudad D,F,,175.0,194.0
323,Juan,44.0,60,Ciudad D,F,160.0,,
938,María,50.0,90,Ciudad D,M,191.0,176.0,
876,María,,70,Ciudad B,M,172.0,185.0,187.0
389,María,42.0,76,Ciudad C,F,160.0,185.0,154.0
556,Juan,,52,Ciudad D,M,171.0,161.0,181.0
594,Juan,27.0,95,Ciudad B,M,162.0,189.0,197.0
593,María,25.0,97,Ciudad B,F,172.0,199.0,172.0
914,Juan,58.0,81,Ciudad C,M,183.0,161.0,167.0
829,Juan,,83,Ciudad E,M,198.0,152.0,187.0
830,Juan,50.0,98,Ciudad A,M,151.0,169.0,
510,Juan,56.0,79,Ciudad A,M,163.0,,156.0
243,Luis,,64,Ciudad A,M,156.0,180.0,177.0
516,María,39.0,83,Ciudad E,F,179.0,194.0,171.0
888,Ana,24.0,92,Ciudad C,M,186.0,,
574,María,44.0,70,Ciudad B,F,189.0,188.0,178.0
168,Juan,,93,Ciudad E,M,158.0,176.0,183.0
424,Luis,26.0,91,Ciudad A,F,,,179.0
641,Juan,18.0,64,Ciudad E,F,163.0,192.0,
965,Luis,60.0,82,Ciudad E,F,168.0,,
613,Carlos,41.0,63,Ciudad D,F,,,
458,María,37.0,51,Ciudad A,F,195.0,,173.0
631,María,58.0,55,Ciudad D,M,173.0,172.0,
576,Luis,64.0,69,Ciudad A,M,184.0,183.0,172.0
939,Carlos,56.0,84,Ciudad E,F,165.0,,190.0
978,Juan,30.0,78,Ciudad E,F,156.0,199.0,
477,Carlos,,71,Ciudad C,M,198.0,183.0,159.0
248,Juan,,97,Ciudad C,F,,177.0,159.0
671,Ana,39.0,88,Ciudad D,F,165.0,153.0,198.0
181,Luis,20.0,96,Ciudad D,F,199.0,197.0,173.0
680,Ana,29.0,59,Ciudad C,F,,192.0,175.0
690,Luis,41.0,92,Ciudad A,M,199.0,182.0,191.0
227,Ana,58.0,99,Ciudad A,M,182.0,196.0,152.0
766,Ana,55.0,85,Ciudad E,M,180.0,183.0,200.0
490,María,40.0,80,Ciudad B,F,,167.0,177.0
179,Juan,32.0,64,Ciudad E,M,154.0,190.0,160.0
745,Carlos,39.0,99,Ciudad B,F,189.0,199.0,158.0
899,Ana,63.0,60,Ciudad B,F,179.0,186.0,
755,Ana,58.0,90,Ciudad E,F,157.0,,187.0
428,Ana,19.0,97,Ciudad B,M,157.0,180.0,197.0
163,Ana,35.0,56,Ciudad E,M,160.0,165.0,183.0
578,Juan,50.0,98,Ciudad A,F,158.0,,159.0
162,María,25.0,88,Ciudad D,F,169.0,185.0,157.0
699,Carlos,19.0,92,Ciudad E,F,,155.0,157.0
558,Luis,65.0,79,Ciudad B,M,167.0,158.0,162.0
396,María,,55,Ciudad D,F,173.0,171.0,169.0
794,Juan,27.0,81,Ciudad B,F,151.0,157.0,195.0
465,Juan,19.0,60,Ciudad D,M,179.0,178.0,189.0
396,Carlos,28.0,68,Ciudad B,F,190.0,,
487,Luis,,63,Ciudad A,M,,161.0,155.0
830,Carlos,52.0,51,Ciudad D,F,,187.0,150.0
51,Luis,,85,Ciudad D,M,173.0,159.0,189.0
593,Luis,58.0,55,Ciudad D,F,172.0,167.0,198.0
744,Juan,,69,Ciudad C,F,177.0,,167.0
929,Luis,,56,Ciudad B,F,,200.0,185.0
833,Carlos,60.0,94,Ciudad B,F,191.0,179.0,173.0
927,Carlos,48.0,68,Ciudad D,F,181.0,,
642,Luis,46.0,94,Ciudad A,M,,158.0,
332,Luis,,66,Ciudad D,M,171.0,154.0,155.0
714,Luis,,89,Ciudad B,M,,186.0,165.0
846,Carlos,27.0,64,Ciudad D,F,189.0,183.0,155.0
341,María,18.0,70,Ciudad D,F,187.0,178.0,
689,Luis,47.0,95,Ciudad A,F,177.0,161.0,168.0
945,Luis,28.0,70,Ciudad B,F,170.0,160.0,
858,María,42.0,85,Ciudad B,M,170.0,169.0,162.0
569,Juan,37.0,72,Ciudad E,F,185.0,157.0,182.0
156,Luis,,79,Ciudad A,F,154.0,180.0,
418,María,65.0,98,Ciudad B,F,157.0,,199.0
123,Juan,,60,Ciudad C,F,175.0,176.0,195.0
63,Ana,39.0,71,Ciudad D,M,195.0,,179.0
472,María,24.0,53,Ciudad A,F,195.0,198.0,199.0
217,Carlos,,63,Ciudad D,M,157.0,164.0,
482,Ana,65.0,88,Ciudad E,F,172.0,,186.0
276,Ana,21.0,65,Ciudad B,F,155.0,,165.0
899,Ana,,54,Ciudad A,M,,150.0,
790,Juan,46.0,56,Ciudad A,M,150.0,183.0,179.0
40,María,59.0,95,Ciudad E,F,,184.0,
742,Carlos,,97,Ciudad B,M,195.0,166.0,186.0
60,Carlos,61.0,77,Ciudad E,M,175.0,174.0,187.0
270,Ana,57.0,74,Ciudad A,M,192.0,,196.0
953,Ana,52.0,73,Ciudad A,F,188.0,159.0,
362,Juan,,85,Ciudad C,M,153.0,,
322,Carlos,55.0,74,Ciudad A,M,178.0,164.0,154.0
80,Carlos,46.0,50,Ciudad E,F,,161.0,185.0
838,Carlos,,53,Ciudad A,M,,192.0,179.0
947,María,39.0,73,Ciudad B,M,170.0,,175.0
327,Carlos,53.0,63,Ciudad D,M,,172.0,159.0
928,Ana,36.0,61,Ciudad D,F,159.0,175.0,185.0
982,Juan,27.0,71,Ciudad D,M,,191.0,189.0
973,Juan,43.0,83,Ciudad C,M,173.0,187.0,163.0
520,Ana,45.0,92,Ciudad A,M,181.0,187.0,184.0
157,Juan,,98,Ciudad D,F,196.0,,175.0
236,Carlos,27.0,65,Ciudad D,F,154.0,192.0,172.0
873,Luis,54.0,50,Ciudad E,F,,172.0,161.0
737,Juan,20.0,78,Ciudad D,F,173.0,158.0,
754,María,52.0,69,Ciudad E,F,,153.0,161.0
446,Luis,19.0,94,Ciudad A,M,165.0,180.0,193.0
760,María,32.0,87,Ciudad B,F,152.0,160.0,176.0
158,Ana,44.0,85,Ciudad A,F,152.0,,166.0
15,María,37.0,74,Ciudad A,F,160.0,,165.0
400,Juan,51.0,75,Ciudad B,F,167.0,181.0,
822,María,,88,Ciudad C,M,,178.0,164.0
866,Juan,48.0,74,Ciudad D,F,178.0,174.0,
350,Luis,27.0,87,Ciudad B,F,,192.0,153.0
312,María,32.0,96,Ciudad E,F,181.0,158.0,198.0
965,Luis,57.0,93,Ciudad B,F,,193.0,157.0
752,Juan,57.0,93,Ciudad A,M,163.0,191.0,
638,Luis,,86,Ciudad D,F,184.0,181.0,177.0
911,María,46.0,55,Ciudad C,F,167.0,163.0,
849,María,48.0,60,Ciudad C,M,190.0,191.0,185.0
94,Ana,,96,Ciudad E,M,177.0,,197.0
622,Juan,30.0,76,Ciudad B,F,179.0,,169.0
346,Carlos,,91,Ciudad A,F,,171.0,179.0
181,Luis,47.0,90,Ciudad E,F,172.0,190.0,194.0
583,Luis,23.0,92,Ciudad B,M,192.0,189.0,165.0
858,Juan,64.0,85,Ciudad C,M,185.0,196.0,187.0
467,Carlos,45.0,72,Ciudad E,M,188.0,,178.0
735,María,,86,Ciudad A,M,200.0,153.0,193.0
571,Carlos,45.0,56,Ciudad B,M,177.0,165.0,162.0
649,Carlos,49.0,67,Ciudad C,M,172.0,163.0,156.0
939,Carlos,,65,Ciudad B,F,,179.0,169.0
364,Ana,63.0,85,Ciudad A,F,165.0,190.0,171.0
608,Carlos,18.0,76,Ciudad C,F,157.0,197.0,178.0
664,Carlos,30.0,52,Ciudad D,F,,151.0,154.0
131,Carlos,56.0,58,Ciudad E,M,,168.0,153.0
183,Luis,65.0,54,Ciudad A,F,192.0,,152.0
564,Ana,,63,Ciudad D,F,188.0,199.0,
978,Carlos,60.0,75,Ciudad D,M,165.0,,159.0
159,Luis,43.0,89,Ciudad C,F,152.0,153.0,169.0
896,Juan,39.0,53,Ciudad A,F,169.0,180.0,158.0
720,Luis,32.0,65,Ciudad B,F,,155.0,
257,Juan,,93,Ciudad B,F,,188.0,
331,Juan,47.0,58,Ciudad C,M,166.0,187.0,194.0
166,Ana,29.0,82,Ciudad D,F,,151.0,175.0
356,Luis,31.0,71,Ciudad B,M,156.0,,152.0
383,Ana,37.0,69,Ciudad C,M,,159.0,152.0
832,Juan,42.0,97,Ciudad E,F,152.0,,188.0
530,Juan,,89,Ciudad B,F,,182.0,
515,Luis,48.0,98,Ciudad D,M,164.0,171.0,168.0
800,Ana,37.0,92,Ciudad D,M,,183.0,194.0
455,María,30.0,58,Ciudad C,M,187.0,171.0,172.0
118,Luis,23.0,70,Ciudad A,F,158.0,156.0,183.0
850,Luis,65.0,63,Ciudad C,M,,,170.0
382,Juan,36.0,82,Ciudad B,F,173.0,188.0,151.0
999,María,53.0,91,Ciudad D,F,169.0,,193.0
210,María,,67,Ciudad A,F,,196.0,
934,Juan,21.0,95,Ciudad B,F,177.0,,
865,Luis,37.0,91,Ciudad A,F,198.0,,197.0
522,María,58.0,75,Ciudad D,F,177.0,173.0,167.0
28,María,50.0,87,Ciudad C,F,170.0,150.0,196.0
819,Luis,41.0,90,Ciudad C,M,,151.0,185.0
241,Juan,54.0,54,Ciudad D,F,193.0,,162.0
20,Carlos,46.0,88,Ciudad A,M,185.0,185.0,200.0
714,María,,80,Ciudad B,M,160.0,174.0,189.0
538,Juan,39.0,76,Ciudad B,F,186.0,187.0,
629,Luis,,60,Ciudad E,F,170.0,,
332,Juan,,74,Ciudad E,F,191.0,195.0,184.0
805,María,57.0,53,Ciudad C,F,,182.0,175.0
749,María,48.0,83,Ciudad D,M,186.0,196.0,
144,Juan,25.0,81,Ciudad B,M,165.0,164.0,174.0
393,Luis,41.0,64,Ciudad D,M,187.0,172.0,
461,Carlos,,64,Ciudad B,F,189.0,,174.0
36,María,58.0,100,Ciudad B,F,185.0,196.0,189.0
719,Ana,,87,Ciudad A,F,196.0,196.0,183.0
373,Luis,35.0,76,Ciudad B,M,167.0,169.0,178.0
605,Carlos,47.0,54,Ciudad E,F,151.0,155.0,200.0
106,Juan,35.0,72,Ciudad D,F,175.0,181.0,176.0
705,Ana,58.0,89,Ciudad C,M,165.0,200.0,171.0
945,Luis,60.0,79,Ciudad E,M,190.0,166.0,
617,Luis,,99,Ciudad E,M,192.0,196.0,184.0
579,Luis,33.0,92,Ciudad A,M,160.0,163.0,162.0
954,Luis,39.0,98,Ciudad D,M,157.0,183.0,154.0
942,Juan,,80,Ciudad E,F,150.0,,163.0
970,María,,67,Ciudad B,F,182.0,182.0,199.0
234,María,,67,Ciudad E,F,,173.0,187.0
128,Carlos,18.0,63,Ciudad D,F,151.0,185.0,156.0
439,Ana,18.0,100,Ciudad C,M,152.0,163.0,
929,María,,89,Ciudad D,M,164.0,196.0,
988,Carlos,19.0,80,Ciudad C,M,199.0,,183.0
290,Carlos,43.0,94,Ciudad B,F,,168.0,161.0
958,Carlos,,75,Ciudad A,F,150.0,184.0,151.0
978,Juan,30.0,78,Ciudad E,F,156.0,199.0,
889,Juan,25.0,62,Ciudad C,F,173.0,188.0,
588,Juan,64.0,66,Ciudad E,M,163.0,161.0,165.0
378,Carlos,39.0,54,Ciudad E,F,,192.0,156.0
763,Luis,49.0,95,Ciudad C,M,152.0,188.0,179.0
844,Juan,,63,Ciudad C,M,191.0,164.0,
610,Luis,39.0,76,Ciudad A,F,186.0,,181.0
393,Ana,39.0,94,Ciudad D,M,178.0,179.0,200.0
647,María,34.0,70,Ciudad E,M,193.0,176.0,
944,María,18.0,85,Ciudad C,M,171.0,158.0,182.0
825,Ana,51.0,51,Ciudad D,F,,162.0,184.0
715,Juan,52.0,76,Ciudad A,M,182.0,164.0,176.0
283,Ana,51.0,97,Ciudad A,M,157.0,158.0,
683,Juan,28.0,96,Ciudad E,M,182.0,196.0,181.0
468,Ana,39.0,89,Ciudad D,M,161.0,175.0,160.0
953,Luis,,60,Ciudad A,M,166.0,152.0,171.0
260,María,,89,Ciudad E,F,174.0,171.0,174.0
453,Carlos,23.0,100,Ciudad C,F,,178.0,182.0
405,Ana,18.0,55,Ciudad E,F,155.0,190.0,181.0
783,María,32.0,80,Ciudad E,M,200.0,,186.0
466,Juan,48.0,60,Ciudad C,M,,170.0,
636,Ana,59.0,89,Ciudad D,F,187.0,182.0,
469,Ana,,81,Ciudad D,F,186.0,,164.0
196,Ana,19.0,64,Ciudad B,F,168.0,171.0,162.0
3,Carlos,50.0,97,Ciudad C,F,189.0,193.0,
514,Juan,63.0,77,Ciudad D,M,196.0,168.0,150.0
506,Carlos,31.0,66,Ciudad A,M,156.0,197.0,197.0
841,María,29.0,62,Ciudad C,F,171.0,156.0,
667,Ana,,86,Ciudad D,M,168.0,154.0,194.0
385,Ana,26.0,72,Ciudad B,F,162.0,,177.0
173,Luis,65.0,69,Ciudad A,F,188.0,154.0,154.0
587,Luis,47.0,91,Ciudad B,M,164.0,176.0,154.0
246,Ana,,87,Ciudad D,M,181.0,,
693,María,65.0,56,Ciudad A,F,169.0,194.0,159.0
781,Luis,24.0,78,Ciudad A,M,157.0,153.0,181.0
87,Carlos,43.0,72,Ciudad B,F,186.0,,182.0
346,Ana,32.0,70,Ciudad B,F,184.0,179.0,190.0
506,Carlos,21.0,61,Ciudad D,F,198.0,158.0,191.0
17,Carlos,,81,Ciudad E,M,,188.0,151.0
297,María,50.0,69,Ciudad E,F,154.0,171.0,174.0
499,Luis,62.0,80,Ciudad E,M,,192.0,196.0
603,Luis,31.0,89,Ciudad B,M,162.0,187.0,161.0
923,María,20.0,64,Ciudad A,M,156.0,,151.0
137,Carlos,47.0,53,Ciudad E,F,168.0,191.0,
240,Carlos,,78,Ciudad D,F,154.0,186.0,153.0
915,María,65.0,85,Ciudad D,F,,184.0,169.0
623,María,28.0,75,Ciudad A,M,190.0,174.0,
733,Carlos,26.0,68,Ciudad E,F,183.0,,179.0
110,Juan,33.0,66,Ciudad B,M,182.0,173.0,
791,Ana,50.0,92,Ciudad A,F,152.0,162.0,161.0
706,Luis,51.0,66,Ciudad C,F,178.0,156.0,
867,María,21.0,69,Ciudad D,M,171.0,152.0,183.0
551,María,46.0,77,Ciudad E,M,,,154.0
135,Carlos,23.0,52,Ciudad E,M,150.0,183.0,187.0
551,Carlos,,65,Ciudad B,F,164.0,190.0,156.0
18,Juan,30.0,51,Ciudad D,F,171.0,176.0,182.0
695,María,60.0,72,Ciudad A,F,169.0,176.0,158.0
500,Luis,61.0,60,Ciudad B,M,165.0,187.0,152.0
199,María,,52,Ciudad B,F,182.0,150.0,165.0
804,Juan,46.0,88,Ciudad B,F,152.0,187.0,157.0
770,Luis,64.0,75,Ciudad C,M,200.0,173.0,154.0
208,Luis,30.0,78,Ciudad D,M,,183.0,182.0
208,Juan,60.0,82,Ciudad D,F,,,175.0
883,Ana,24.0,67,Ciudad B,F,191.0,159.0,167.0
993,Ana,58.0,85,Ciudad D,F,,175.0,156.0
604,María,29.0,60,Ciudad E,F,,,160.0
65,Juan,37.0,97,Ciudad B,F,,,180.0
499,Luis,62.0,80,Ciudad E,M,,192.0,196.0
1000,Carlos,23.0,98,Ciudad B,F,160.0,150.0,
555,Luis,57.0,57,Ciudad B,F,196.0,,189.0
717,Luis,55.0,98,Ciudad D,M,150.0,191.0,158.0
565,Carlos,33.0,55,Ciudad B,M,159.0,183.0,152.0
518,María,27.0,86,Ciudad A,F,197.0,195.0,169.0
261,María,,84,Ciudad C,M,184.0,151.0,186.0
222,Luis,46.0,88,Ciudad A,F,192.0,153.0,
318,Luis,19.0,73,Ciudad E,F,160.0,185.0,
586,María,45.0,78,Ciudad B,M,172.0,158.0,183.0
980,Ana,57.0,59,Ciudad A,M,,,158.0
289,Carlos,33.0,95,Ciudad B,F,198.0,168.0,
971,Ana,,69,Ciudad C,M,179.0,171.0,156.0
450,Luis,18.0,56,Ciudad A,F,193.0,153.0,161.0
745,Ana,21.0,99,Ciudad C,F,155.0,152.0,186.0
398,Ana,,52,Ciudad D,F,155.0,159.0,150.0
21,María,50.0,96,Ciudad E,F,,162.0,
699,María,39.0,71,Ciudad D,M,190.0,191.0,171.0
974,María,65.0,82,Ciudad C,F,153.0,196.0,190.0
283,Luis,62.0,87,Ciudad E,M,190.0,,181.0
206,Carlos,55.0,69,Ciudad E,M,187.0,176.0,173.0
333,Luis,29.0,52,Ciudad B,F,,152.0,166.0
607,Luis,47.0,59,Ciudad A,M,,172.0,
32,Juan,,87,Ciudad D,F,169.0,164.0,176.0
891,Ana,21.0,67,Ciudad B,F,153.0,197.0,197.0
672,Juan,32.0,82,Ciudad C,M,155.0,169.0,192.0
496,Luis,,69,Ciudad D,F,183.0,165.0,153.0
352,Juan,37.0,62,Ciudad C,M,,189.0,153.0
303,Ana,36.0,70,Ciudad C,F,167.0,191.0,200.0
90,María,24.0,79,Ciudad D,F,156.0,194.0,
670,Luis,,58,Ciudad D,F,190.0,,161.0
833,Luis,20.0,90,Ciudad D,F,,177.0,
180,Juan,28.0,69,Ciudad D,F,176.0,158.0,158.0
676,María,58.0,78,Ciudad C,F,,,154.0
523,Juan,,74,Ciudad E,M,161.0,182.0,173.0
889,María,60.0,76,Ciudad E,F,170.0,196.0,
713,Ana,37.0,85,Ciudad A,F,152.0,165.0,167.0
296,María,42.0,67,Ciudad B,M,174.0,180.0,181.0
952,Luis,,76,Ciudad C,F,197.0,186.0,186.0
589,Luis,,53,Ciudad E,F,162.0,166.0,159.0
43,Luis,29.0,68,Ciudad E,F,,174.0,172.0
585,María,50.0,81,Ciudad A,F,,186.0,165.0
499,Ana,,90,Ciudad C,M,195.0,165.0,199.0
933,Luis,64.0,76,Ciudad D,M,174.0,155.0,189.0
6,Ana,34.0,87,Ciudad D,F,163.0,169.0,175.0
258,Carlos,50.0,86,Ciudad A,M,189.0,188.0,150.0
42,María,56.0,63,Ciudad D,F,171.0,156.0,182.0
282,Ana,,77,Ciudad A,F,196.0,164.0,170.0
259,Luis,28.0,59,Ciudad D,M,189.0,193.0,197.0
355,Juan,,55,Ciudad A,M,182.0,,
2,María,45.0,65,Ciudad A,M,191.0,,187.0
855,María,57.0,65,Ciudad B,F,163.0,179.0,
468,Luis,37.0,60,Ciudad A,M,167.0,199.0,159.0
458,Carlos,36.0,96,Ciudad D,F,198.0,190.0,179.0
561,María,64.0,93,Ciudad B,F,,157.0,196.0
768,Ana,31.0,95,Ciudad E,F,151.0,158.0,
651,Juan,,75,Ciudad C,F,194.0,169.0,
30,Carlos,62.0,56,Ciudad E,F,,175.0,
349,Carlos,,93,Ciudad D,F,184.0,151.0,186.0
26,Carlos,58.0,67,Ciudad C,M,176.0,187.0,162.0
497,Ana,60.0,62,Ciudad C,F,168.0,178.0,
300,Carlos,26.0,77,Ciudad E,F,,,151.0
16,Ana,,52,Ciudad A,F,,163.0,181.0
526,Carlos,33.0,90,Ciudad D,F,157.0,155.0,
92,Ana,41.0,68,Ciudad D,M,,188.0,198.0
79,Luis,,56,Ciudad A,M,193.0,173.0,163.0
525,Ana,60.0,85,Ciudad D,F,151.0,,
769,Carlos,43.0,92,Ciudad D,M,192.0,172.0,186.0
152,María,33.0,63,Ciudad A,F,,170.0,159.0
897,Ana,47.0,58,Ciudad D,M,195.0,,179.0
747,Juan,53.0,79,Ciudad E,F,177.0,171.0,
377,María,26.0,89,Ciudad B,F,182.0,194.0,163.0
101,María,28.0,88,Ciudad C,M,152.0,173.0,162.0
135,Carlos,41.0,68,Ciudad B,F,,162.0,154.0
217,Carlos,47.0,55,Ciudad D,M,163.0,189.0,150.0
134,Juan,59.0,84,Ciudad A,F,165.0,190.0,157.0
904,María,,51,Ciudad B,F,168.0,196.0,157.0
408,Juan,48.0,87,Ciudad A,F,166.0,160.0,162.0
466,Ana,51.0,86,Ciudad B,M,158.0,186.0,187.0
562,Juan,46.0,67,Ciudad D,M,175.0,162.0,180.0
80,Ana,35.0,50,Ciudad A,M,173.0,189.0,
666,Juan,56.0,99,Ciudad D,F,198.0,163.0,156.0
645,María,,99,Ciudad B,F,152.0,196.0,176.0
775,Juan,65.0,55,Ciudad B,M,167.0,192.0,
52,Luis,51.0,74,Ciudad B,F,158.0,175.0,195.0
716,Luis,50.0,70,Ciudad A,F,,193.0,167.0
490,María,48.0,55,Ciudad D,M,191.0,195.0,174.0
735,Carlos,,80,Ciudad C,F,,,156.0
992,María,20.0,98,Ciudad A,F,150.0,,
13,María,22.0,57,Ciudad D,M,154.0,157.0,158.0
309,Juan,44.0,74,Ciudad A,M,,153.0,188.0
361,Carlos,39.0,66,Ciudad B,M,165.0,188.0,172.0
282,Juan,53.0,86,Ciudad E,M,159.0,,
423,Juan,59.0,58,Ciudad E,F,153.0,,199.0
46,Juan,45.0,57,Ciudad E,F,191.0,193.0,
542,Luis,58.0,81,Ciudad D,M,174.0,195.0,
418,Ana,,69,Ciudad B,F,196.0,179.0,
796,Luis,53.0,61,Ciudad D,F,,181.0,172.0
244,Ana,38.0,88,Ciudad B,F,159.0,195.0,155.0
697,Luis,50.0,61,Ciudad C,M,180.0,186.0,170.0
977,Luis,65.0,73,Ciudad E,F,182.0,183.0,166.0
967,Juan,32.0,92,Ciudad E,M,,157.0,179.0
832,Ana,43.0,66,Ciudad B,M,,,
861,Juan,54.0,63,Ciudad B,F,161.0,190.0,174.0
45,Juan,62.0,78,Ciudad C,M,198.0,172.0,189.0
813,Carlos,,62,Ciudad D,M,,192.0,197.0
351,Ana,,100,Ciudad B,M,188.0,155.0,152.0
645,María,,99,Ciudad B,F,152.0,196.0,176.0
769,María,,85,Ciudad C,F,192.0,,192.0
147,Juan,47.0,70,Ciudad D,M,192.0,160.0,165.0
545,Juan,54.0,57,Ciudad C,F,181.0,156.0,174.0
482,Carlos,33.0,91,Ciudad A,M,,167.0,
286,Carlos,51.0,63,Ciudad E,F,,159.0,174.0
421,Carlos,20.0,66,Ciudad C,F,180.0,,174.0
354,María,36.0,82,Ciudad C,M,184.0,192.0,
369,Juan,,56,Ciudad A,M,168.0,151.0,
434,Carlos,44.0,52,Ciudad C,F,,192.0,198.0
793,Luis,58.0,99,Ciudad B,M,170.0,199.0,189.0
252,María,54.0,100,Ciudad A,F,,197.0,174.0
157,Juan,,98,Ciudad D,F,196.0,,175.0
798,Luis,,60,Ciudad A,F,192.0,161.0,165.0
515,Juan,,78,Ciudad B,F,,169.0,
154,Ana,,67,Ciudad B,M,,198.0,191.0
941,María,29.0,86,Ciudad C,M,200.0,190.0,193.0
223,Juan,,63,Ciudad A,F,174.0,176.0,186.0
432,Carlos,34.0,53,Ciudad B,F,,199.0,198.0
759,Luis,50.0,62,Ciudad B,M,187.0,,180.0
185,María,45.0,83,Ciudad A,F,189.0,155.0,153.0
376,Luis,,98,Ciudad B,M,166.0,,152.0
504,Juan,51.0,70,Ciudad D,M,191.0,160.0,198.0
494,Carlos,21.0,94,Ciudad A,F,192.0,200.0,174.0
746,Ana,34.0,73,Ciudad E,M,177.0,177.0,197.0
722,Juan,44.0,96,Ciudad B,M,199.0,164.0,188.0
476,Carlos,39.0,83,Ciudad A,F,182.0,,
943,Luis,33.0,59,Ciudad E,F,170.0,180.0,154.0
649,Juan,43.0,71,Ciudad B,F,,156.0,171.0
386,Luis,39.0,64,Ciudad D,M,165.0,180.0,163.0
663,Juan,18.0,61,Ciudad D,M,155.0,167.0,195.0
414,Juan,18.0,51,Ciudad C,M,187.0,184.0,179.0
989,María,26.0,73,Ciudad B,F,182.0,194.0,169.0
97,Ana,36.0,93,Ciudad D,F,178.0,177.0,173.0
253,Carlos,50.0,97,Ciudad A,F,185.0,158.0,150.0
250,María,54.0,60,Ciudad C,M,155.0,,166.0
543,Juan,,98,Ciudad E,F,,150.0,182.0
46,Carlos,,86,Ciudad A,M,152.0,,154.0
199,María,,52,Ciudad B,F,182.0,150.0,165.0
588,María,18.0,71,Ciudad D,M,158.0,180.0,
181,Luis,20.0,96,Ciudad D,F,199.0,197.0,173.0
794,Juan,46.0,96,Ciudad E,M,172.0,171.0,185.0
808,María,25.0,85,Ciudad A,F,,176.0,186.0
435,Carlos,47.0,58,Ciudad B,F,184.0,160.0,158.0
358,Carlos,23.0,71,Ciudad E,M,,192.0,182.0
411,Ana,29.0,68,Ciudad D,M,191.0,176.0,188.0
912,Juan,,76,Ciudad C,F,150.0,173.0,182.0
83,Juan,59.0,78,Ciudad A,F,191.0,169.0,175.0
438,Luis,62.0,52,Ciudad A,M,179.0,180.0,153.0
102,Juan,20.0,66,Ciudad A,M,181.0,195.0,195.0
520,María,64.0,59,Ciudad B,M,160.0,180.0,170.0
149,Luis,,64,Ciudad D,F,186.0,170.0,165.0
661,Luis,,90,Ciudad C,F,187.0,174.0,182.0
329,Carlos,64.0,67,Ciudad A,F,186.0,166.0,154.0
394,Carlos,41.0,97,Ciudad A,F,181.0,155.0,168.0
91,Ana,29.0,72,Ciudad D,F,152.0,,190.0
517,Carlos,61.0,91,Ciudad A,F,,,
640,Luis,,71,Ciudad C,M,189.0,185.0,186.0
120,Ana,,65,Ciudad E,F,183.0,196.0,183.0
716,Luis,49.0,65,Ciudad E,F,177.0,164.0,
1,Carlos,,79,Ciudad A,F,189.0,180.0,178.0
868,Ana,57.0,74,Ciudad B,M,173.0,167.0,
4,Ana,,57,Ciudad D,M,168.0,200.0,200.0
987,Carlos,,89,Ciudad A,F,176.0,161.0,187.0
724,Carlos,31.0,54,Ciudad C,F,180.0,,
34,Ana,43.0,53,Ciudad D,M,,159.0,176.0
154,Juan,40.0,55,Ciudad B,M,186.0,165.0,185.0
115,María,51.0,60,Ciudad B,M,,153.0,162.0
746,Juan,38.0,94,Ciudad B,F,185.0,183.0,
546,Juan,52.0,87,Ciudad A,F,155.0,,180.0
883,Ana,64.0,98,Ciudad C,F,162.0,159.0,168.0
857,Carlos,41.0,96,Ciudad A,F,194.0,156.0,
517,María,36.0,85,Ciudad C,F,184.0,169.0,157.0
833,Luis,20.0,90,Ciudad D,F,,177.0,
788,Luis,,62,Ciudad E,F,189.0,158.0,158.0
216,Juan,,64,Ciudad C,M,150.0,161.0,183.0
862,Luis,57.0,67,Ciudad C,F,162.0,174.0,168.0
864,Juan,39.0,55,Ciudad C,M,,156.0,190.0
970,Juan,37.0,78,Ciudad A,M,198.0,168.0,
531,María,48.0,91,Ciudad D,F,200.0,191.0,172.0
742,Luis,25.0,58,Ciudad C,M,,152.0,189.0
449,María,25.0,53,Ciudad D,M,173.0,185.0,199.0
829,Juan,,83,Ciudad E,M,198.0,152.0,187.0
835,Ana,64.0,98,Ciudad A,M,164.0,187.0,
727,Carlos,31.0,53,Ciudad A,F,171.0,,194.0
202,María,31.0,56,Ciudad C,F,152.0,163.0,
511,Carlos,34.0,97,Ciudad D,M,,182.0,170.0
905,Luis,58.0,87,Ciudad D,M,167.0,178.0,161.0
725,María,48.0,77,Ciudad C,F,,169.0,184.0
998,Carlos,27.0,56,Ciudad D,M,150.0,156.0,182.0
551,Carlos,,65,Ciudad B,F,164.0,190.0,156.0
773,Juan,42.0,71,Ciudad D,M,194.0,186.0,180.0
249,María,,68,Ciudad D,M,,,171.0
120,Carlos,53.0,68,Ciudad D,F,156.0,182.0,181.0
410,Luis,42.0,93,Ciudad D,M,178.0,166.0,165.0
257,Carlos,35.0,92,Ciudad A,M,163.0,182.0,172.0
836,Juan,41.0,89,Ciudad D,F,,178.0,183.0
402,Carlos,27.0,74,Ciudad C,M,195.0,178.0,
533,Ana,24.0,100,Ciudad C,M,176.0,200.0,154.0
568,Luis,24.0,96,Ciudad A,F,,170.0,164.0
873,Luis,54.0,50,Ciudad E,F,,172.0,161.0
933,Luis,61.0,50,Ciudad B,M,194.0,191.0,172.0
618,María,41.0,50,Ciudad C,F,191.0,179.0,182.0
811,Juan,53.0,54,Ciudad A,M,193.0,,
795,Luis,63.0,93,Ciudad B,F,174.0,157.0,153.0
732,Carlos,37.0,98,Ciudad A,M,192.0,,198.0
132,María,27.0,72,Ciudad C,M,,150.0,
336,María,,62,Ciudad E,F,164.0,180.0,167.0
985,Carlos,,71,Ciudad D,M,,,194.0
494,Luis,51.0,55,Ciudad C,M,161.0,176.0,
123,Ana,21.0,51,Ciudad A,F,164.0,,179.0
553,Juan,48.0,67,Ciudad D,M,171.0,159.0,188.0
997,Luis,27.0,77,Ciudad A,F,189.0,,194.0
512,Juan,25.0,74,Ciudad D,M,157.0,192.0,180.0
473,Carlos,,75,Ciudad D,F,199.0,153.0,158.0
640,Luis,29.0,88,Ciudad E,F,171.0,181.0,
323,Ana,,97,Ciudad E,M,173.0,190.0,
148,Juan,,60,Ciudad D,F,169.0,194.0,158.0
861,Juan,24.0,52,Ciudad A,F,,191.0,199.0
563,Luis,23.0,59,Ciudad E,F,178.0,194.0,
935,Juan,58.0,53,Ciudad A,M,,200.0,
857,Carlos,,63,Ciudad E,M,195.0,,177.0
595,Juan,,97,Ciudad A,M,,176.0,155.0
599,María,22.0,57,Ciudad C,F,190.0,195.0,198.0
488,Carlos,53.0,53,Ciudad C,M,,156.0,170.0
749,Carlos,50.0,67,Ciudad C,M,,151.0,165.0
351,Juan,32.0,89,Ciudad B,F,152.0,,
972,Luis,58.0,56,Ciudad B,M,197.0,192.0,172.0
306,Luis,60.0,92,Ciudad C,F,,194.0,
55,Juan,,74,Ciudad A,M,164.0,166.0,199.0
286,Ana,59.0,55,Ciudad B,M,174.0,177.0,181.0
111,María,26.0,85,Ciudad E,M,170.0,199.0,183.0
115,Luis,63.0,90,Ciudad D,M,186.0,168.0,187.0
84,Ana,54.0,99,Ciudad C,F,163.0,168.0,176.0
554,Juan,36.0,90,Ciudad E,M,193.0,184.0,177.0
549,Luis,20.0,96,Ciudad B,M,181.0,,192.0
204,Juan,53.0,79,Ciudad C,M,187.0,165.0,166.0
519,Carlos,51.0,56,Ciudad C,M,157.0,163.0,189.0
16,Luis,62.0,94,Ciudad E,F,,175.0,163.0
64,Carlos,51.0,78,Ciudad B,F,184.0,171.0,187.0
448,Juan,63.0,61,Ciudad C,M,,,
789,María,54.0,75,Ciudad C,F,152.0,150.0,180.0
478,Ana,50.0,77,Ciudad D,F,,170.0,
430,Juan,61.0,66,Ciudad A,F,184.0,,160.0
525,Carlos,,95,Ciudad E,F,157.0,172.0,
495,Ana,19.0,92,Ciudad B,M,163.0,166.0,180.0
352,Carlos,32.0,80,Ciudad D,F,,189.0,184.0
756,Ana,52.0,72,Ciudad A,M,195.0,162.0,165.0
993,Ana,41.0,82,Ciudad E,F,,151.0,
146,María,40.0,75,Ciudad A,F,,,198.0
805,María,46.0,76,Ciudad A,M,200.0,159.0,169.0
607,María,31.0,86,Ciudad D,F,166.0,154.0,180.0
47,Ana,25.0,96,Ciudad B,M,151.0,156.0,192.0
224,Luis,60.0,97,Ciudad D,F,171.0,,
335,Ana,22.0,74,Ciudad D,F,166.0,,187.0
882,Juan,21.0,69,Ciudad A,M,161.0,186.0,181.0
247,Luis,37.0,73,Ciudad D,F,,176.0,172.0
411,Carlos,38.0,98,Ciudad C,M,167.0,173.0,178.0
498,Ana,,81,Ciudad A,F,174.0,169.0,193.0
310,Ana,56.0,51,Ciudad C,M,195.0,187.0,184.0
872,Carlos,27.0,55,Ciudad D,F,158.0,,
440,Luis,,56,Ciudad B,M,187.0,192.0,180.0
230,Juan,39.0,56,Ciudad A,M,,185.0,158.0
251,Carlos,39.0,85,Ciudad B,F,176.0,182.0,198.0
667,Juan,50.0,63,Ciudad C,M,169.0,167.0,
634,Ana,60.0,97,Ciudad E,F,168.0,174.0,181.0
974,María,21.0,77,Ciudad D,M,169.0,156.0,195.0
493,Juan,32.0,87,Ciudad B,F,190.0,179.0,181.0
614,Juan,55.0,78,Ciudad E,F,192.0,166.0,174.0
795,Luis,63.0,93,Ciudad B,F,174.0,157.0,153.0
152,Luis,36.0,80,Ciudad E,F,154.0,,
486,Ana,,75,Ciudad D,M,171.0,189.0,
724,Luis,26.0,50,Ciudad D,F,170.0,191.0,178.0
147,María,,87,Ciudad E,F,191.0,181.0,159.0
250,Ana,51.0,72,Ciudad D,F,,152.0,192.0
778,Carlos,26.0,76,Ciudad D,M,158.0,179.0,184.0
267,Carlos,63.0,72,Ciudad E,F,,,
85,Carlos,55.0,52,Ciudad D,M,,153.0,
404,Ana,42.0,91,Ciudad C,F,,187.0,
344,Carlos,21.0,50,Ciudad B,F,163.0,,183.0
75,María,49.0,72,Ciudad D,F,167.0,192.0,
890,Carlos,,62,Ciudad D,F,151.0,,
97,Ana,20.0,98,Ciudad A,M,198.0,165.0,
601,María,,91,Ciudad B,F,157.0,,156.0
237,María,64.0,82,Ciudad B,F,173.0,,173.0
988,Juan,37.0,100,Ciudad D,F,179.0,160.0,195.0
741,Juan,45.0,90,Ciudad C,M,,,173.0
938,Carlos,37.0,76,Ciudad C,M,183.0,197.0,182.0
656,Ana,56.0,61,Ciudad B,M,167.0,197.0,
559,Carlos,27.0,65,Ciudad A,M,184.0,196.0,191.0
895,Juan,42.0,62,Ciudad D,M,187.0,150.0,
729,Luis,30.0,60,Ciudad D,F,173.0,150.0,173.0
862,Ana,61.0,65,Ciudad C,F,177.0,165.0,181.0
301,María,,87,Ciudad C,F,185.0,150.0,194.0
995,Juan,39.0,57,Ciudad E,M,,198.0,183.0
652,Ana,44.0,62,Ciudad A,M,198.0,,182.0
907,Luis,35.0,80,Ciudad E,F,,154.0,159.0
718,Carlos,,59,Ciudad C,M,172.0,189.0,193.0
789,Carlos,38.0,52,Ciudad B,F,192.0,,155.0
609,María,,74,Ciudad A,F,,,
678,Juan,30.0,69,Ciudad E,F,153.0,,166.0
10,Ana,60.0,97,Ciudad D,M,,154.0,180.0
697,Luis,50.0,61,Ciudad C,M,180.0,186.0,170.0
400,Juan,,60,Ciudad D,F,173.0,167.0,
877,Ana,57.0,75,Ciudad C,M,151.0,,196.0
195,María,33.0,64,Ciudad B,M,193.0,193.0,187.0
397,Luis,48.0,50,Ciudad E,F,172.0,156.0,195.0
684,Carlos,57.0,52,Ciudad E,F,165.0,197.0,178.0
155,Carlos,21.0,91,Ciudad B,F,173.0,,180.0
991,Luis,22.0,70,Ciudad A,F,195.0,159.0,151.0
457,María,,54,Ciudad A,M,195.0,193.0,159.0
674,Luis,47.0,96,Ciudad B,F,,,151.0
360,Ana,41.0,99,Ciudad B,F,,161.0,171.0
361,Carlos,,75,Ciudad B,F,182.0,196.0,156.0
85,María,22.0,90,Ciudad C,M,192.0,164.0,196.0
81,Carlos,,55,Ciudad B,M,197.0,,190.0
751,Ana,50.0,96,Ciudad C,M,,,152.0
591,Luis,19.0,54,Ciudad A,M,,179.0,150.0
815,Juan,48.0,73,Ciudad B,M,154.0,154.0,
683,María,53.0,66,Ciudad D,F,151.0,181.0,150.0
92,Ana,41.0,68,Ciudad D,M,,188.0,198.0
320,María,26.0,77,Ciudad E,F,,156.0,155.0
604,María,65.0,72,Ciudad D,F,182.0,187.0,164.0
854,Carlos,43.0,84,Ciudad E,M,166.0,188.0,194.0
971,María,22.0,98,Ciudad D,F,181.0,178.0,180.0
52,Carlos,59.0,67,Ciudad A,F,167.0,,
363,Carlos,21.0,71,Ciudad C,M,,196.0,180.0
201,Juan,58.0,74,Ciudad D,M,,157.0,190.0
296,Juan,27.0,71,Ciudad D,M,182.0,169.0,155.0
103,Ana,,61,Ciudad E,M,,,
249,María,46.0,78,Ciudad D,F,161.0,,
153,María,46.0,63,Ciudad B,F,154.0,152.0,155.0
626,Ana,,64,Ciudad D,F,193.0,179.0,169.0
665,María,36.0,67,Ciudad B,M,,154.0,184.0
686,Luis,50.0,56,Ciudad A,M,175.0,180.0,198.0
919,María,64.0,60,Ciudad C,M,160.0,,
329,Juan,32.0,97,Ciudad D,M,185.0,,187.0
952,Ana,,67,Ciudad A,M,189.0,,179.0
32,María,42.0,67,Ciudad E,F,198.0,,153.0
276,Juan,27.0,56,Ciudad D,F,195.0,162.0,166.0
374,María,60.0,69,Ciudad E,F,,199.0,182.0
806,Juan,65.0,73,Ciudad B,F,156.0,185.0,
597,Luis,60.0,50,Ciudad A,F,174.0,,153.0
218,Carlos,,65,Ciudad C,F,194.0,,
178,Juan,32.0,51,Ciudad B,F,177.0,182.0,173.0
119,Carlos,59.0,63,Ciudad C,F,190.0,180.0,185.0
171,María,65.0,60,Ciudad A,F,163.0,193.0,174.0
937,Ana,,65,Ciudad A,M,161.0,198.0,161.0
368,María,52.0,83,Ciudad A,M,194.0,171.0,
797,María,21.0,84,Ciudad D,M,174.0,198.0,159.0
290,Juan,25.0,77,Ciudad B,F,154.0,,
91,Carlos,36.0,86,Ciudad A,F,160.0,170.0,158.0
542,Luis,58.0,81,Ciudad D,M,174.0,195.0,
75,Luis,48.0,76,Ciudad A,M,180.0,173.0,
386,Juan,,83,Ciudad B,M,,197.0,179.0
795,Luis,,91,Ciudad A,F,163.0,,178.0
926,Luis,40.0,79,Ciudad D,M,,176.0,181.0
209,Luis,28.0,81,Ciudad A,F,161.0,170.0,196.0
497,Juan,36.0,60,Ciudad C,M,151.0,155.0,185.0
995,Juan,21.0,82,Ciudad D,M,175.0,,165.0
481,Juan,31.0,61,Ciudad E,M,196.0,161.0,190.0
178,Juan,32.0,51,Ciudad B,F,177.0,182.0,173.0
924,Ana,,65,Ciudad A,F,170.0,165.0,190.0
654,Luis,43.0,51,Ciudad C,F,176.0,164.0,173.0
430,Juan,61.0,66,Ciudad A,F,184.0,,160.0
12,María,55.0,76,Ciudad C,F,157.0,154.0,172.0
385,Ana,26.0,72,Ciudad B,F,162.0,,177.0
645,María,,74,Ciudad A,M,159.0,,184.0
190,María,47.0,87,Ciudad D,F,177.0,157.0,
796,Juan,25.0,71,Ciudad E,F,174.0,162.0,195.0
937,Luis,34.0,51,Ciudad B,M,186.0,192.0,165.0
407,Ana,59.0,59,Ciudad B,M,179.0,,
999,Ana,,54,Ciudad B,M,,157.0,162.0
624,María,33.0,68,Ciudad A,M,179.0,175.0,
358,María,43.0,56,Ciudad B,M,,163.0,
255,María,31.0,63,Ciudad B,F,198.0,192.0,192.0
840,Carlos,43.0,98,Ciudad E,M,185.0,182.0,155.0
353,Juan,53.0,72,Ciudad E,M,155.0,191.0,156.0
990,María,,55,Ciudad C,F,178.0,196.0,169.0
459,Carlos,35.0,67,Ciudad D,M,198.0,151.0,189.0
823,María,56.0,100,Ciudad D,F,197.0,180.0,180.0
713,Ana,37.0,85,Ciudad A,F,152.0,165.0,167.0
779,Ana,54.0,75,Ciudad D,F,,169.0,
259,Carlos,42.0,82,Ciudad C,M,178.0,185.0,187.0
253,Carlos,50.0,97,Ciudad A,F,185.0,158.0,150.0
464,Juan,31.0,82,Ciudad B,M,178.0,150.0,
572,Luis,42.0,52,Ciudad B,M,197.0,160.0,158.0
148,Juan,65.0,79,Ciudad C,F,182.0,186.0,155.0
36,Carlos,32.0,59,Ciudad B,F,,195.0,167.0
964,Ana,29.0,71,Ciudad D,M,158.0,151.0,171.0
339,Luis,28.0,80,Ciudad D,F,154.0,,154.0
984,Luis,,51,Ciudad E,F,,175.0,169.0
856,María,20.0,74,Ciudad B,M,167.0,150.0,
278,Juan,22.0,61,Ciudad C,F,173.0,,198.0
225,Ana,,93,Ciudad B,M,186.0,197.0,186.0
787,Carlos,39.0,63,Ciudad E,M,,,183.0
968,Carlos,37.0,66,Ciudad B,F,178.0,167.0,150.0
949,Ana,23.0,66,Ciudad E,F,171.0,,158.0
192,Carlos,51.0,58,Ciudad A,M,180.0,,171.0
220,Ana,31.0,61,Ciudad C,M,188.0,163.0,177.0
960,Carlos,28.0,71,Ciudad C,M,198.0,182.0,164.0
233,Carlos,,82,Ciudad C,F,161.0,161.0,180.0
456,Juan,21.0,74,Ciudad B,F,,171.0,168.0
265,Carlos,19.0,72,Ciudad A,M,,,
981,Luis,47.0,80,Ciudad C,M,200.0,190.0,
109,Ana,49.0,52,Ciudad C,M,188.0,162.0,
718,Luis,29.0,78,Ciudad C,M,,198.0,171.0
91,Carlos,36.0,86,Ciudad A,F,160.0,170.0,158.0
840,Carlos,58.0,64,Ciudad C,F,168.0,193.0,150.0
385,Carlos,,62,Ciudad C,M,176.0,169.0,
395,Ana,,90,Ciudad E,M,156.0,,156.0
471,María,55.0,76,Ciudad E,M,165.0,,199.0
723,María,40.0,76,Ciudad B,M,,165.0,
176,Juan,35.0,85,Ciudad C,M,160.0,188.0,175.0
125,María,20.0,70,Ciudad B,M,158.0,181.0,
930,Carlos,58.0,66,Ciudad A,M,151.0,165.0,178.0
267,María,22.0,73,Ciudad A,F,199.0,160.0,199.0
285,Juan,54.0,67,Ciudad C,F,163.0,185.0,186.0
131,María,,98,Ciudad E,M,,155.0,
18,Ana,63.0,59,Ciudad E,M,,198.0,193.0
31,Juan,61.0,54,Ciudad E,M,,165.0,172.0
719,Luis,30.0,59,Ciudad E,F,154.0,176.0,183.0
252,Luis,41.0,76,Ciudad D,M,184.0,178.0,179.0
117,Juan,42.0,89,Ciudad A,M,159.0,,184.0
71,Juan,28.0,68,Ciudad D,M,192.0,153.0,189.0
256,Ana,31.0,70,Ciudad B,F,,173.0,181.0
558,Juan,24.0,64,Ciudad A,M,157.0,169.0,
534,Carlos,,66,Ciudad E,M,176.0,151.0,173.0
285,Juan,54.0,67,Ciudad C,F,163.0,185.0,186.0
57,María,57.0,63,Ciudad E,F,191.0,199.0,175.0
485,Juan,37.0,84,Ciudad B,M,176.0,178.0,153.0
747,María,,65,Ciudad D,M,,188.0,165.0
443,María,37.0,62,Ciudad D,M,,152.0,196.0
539,Luis,62.0,96,Ciudad E,F,,192.0,189.0
985,Juan,43.0,52,Ciudad E,M,152.0,161.0,156.0
21,Juan,,78,Ciudad D,M,198.0,,189.0
287,María,52.0,63,Ciudad C,F,187.0,183.0,191.0
313,María,58.0,96,Ciudad E,F,,156.0,199.0
107,Ana,45.0,72,Ciudad E,F,,187.0,150.0
648,María,36.0,89,Ciudad C,M,168.0,154.0,166.0
759,Luis,50.0,62,Ciudad B,M,187.0,,180.0
839,Juan,34.0,52,Ciudad C,M,183.0,156.0,
612,Ana,,54,Ciudad B,F,162.0,172.0,162.0
781,Juan,58.0,50,Ciudad A,M,193.0,187.0,
764,Carlos,42.0,73,Ciudad A,M,172.0,152.0,164.0
141,María,48.0,97,Ciudad B,M,158.0,,
786,Juan,55.0,87,Ciudad E,M,159.0,179.0,187.0
69,Juan,22.0,67,Ciudad A,M,164.0,187.0,
251,Carlos,39.0,85,Ciudad B,F,176.0,182.0,198.0
786,Juan,29.0,59,Ciudad E,M,200.0,176.0,198.0
265,Carlos,39.0,78,Ciudad C,F,166.0,186.0,164.0
893,Ana,32.0,70,Ciudad B,M,191.0,189.0,
185,María,45.0,83,Ciudad A,F,189.0,155.0,153.0
859,María,28.0,90,Ciudad E,F,171.0,173.0,197.0
809,Ana,31.0,74,Ciudad A,F,192.0,180.0,
963,Ana,62.0,67,Ciudad D,F,163.0,191.0,185.0
643,Ana,51.0,52,Ciudad E,M,177.0,187.0,166.0
990,María,,55,Ciudad C,F,178.0,196.0,169.0
954,Luis,39.0,98,Ciudad D,M,157.0,183.0,154.0
304,Luis,36.0,81,Ciudad A,F,183.0,,
93,María,42.0,84,Ciudad A,F,199.0,161.0,157.0
734,María,37.0,50,Ciudad A,M,198.0,167.0,181.0
519,Juan,34.0,58,Ciudad A,M,166.0,189.0,170.0
758,Luis,,74,Ciudad E,M,167.0,,199.0
919,María,,73,Ciudad E,F,164.0,187.0,174.0
478,Juan,23.0,53,Ciudad D,F,163.0,168.0,169.0
310,Ana,56.0,51,Ciudad C,M,195.0,187.0,184.0
360,Juan,56.0,64,Ciudad D,M,,,169.0
224,Luis,60.0,97,Ciudad D,F,171.0,,
449,María,50.0,96,Ciudad C,F,157.0,173.0,181.0
763,Luis,,84,Ciudad D,F,198.0,,156.0
602,Luis,,80,Ciudad D,M,,153.0,188.0
821,Juan,48.0,96,Ciudad D,F,168.0,188.0,175.0
151,Carlos,29.0,90,Ciudad C,F,157.0,151.0,199.0
853,Luis,50.0,68,Ciudad C,F,200.0,177.0,162.0
83,Carlos,37.0,51,Ciudad B,M,,199.0,169.0
294,María,48.0,65,Ciudad C,F,200.0,192.0,195.0
284,Juan,31.0,77,Ciudad C,M,,179.0,160.0
648,Juan,22.0,90,Ciudad A,M,,,182.0
803,Carlos,51.0,76,Ciudad E,M,167.0,,166.0
995,Juan,39.0,57,Ciudad E,M,,198.0,183.0
281,Carlos,41.0,100,Ciudad C,M,190.0,,167.0
782,Luis,,78,Ciudad D,M,179.0,,179.0
891,Juan,18.0,96,Ciudad B,M,198.0,173.0,
621,Carlos,58.0,87,Ciudad D,M,151.0,,170.0
959,Carlos,45.0,80,Ciudad C,F,196.0,183.0,155.0
239,Ana,64.0,88,Ciudad A,F,160.0,154.0,172.0
817,María,40.0,90,Ciudad E,M,192.0,,168.0
437,Luis,36.0,82,Ciudad A,M,,177.0,175.0
813,Ana,43.0,97,Ciudad D,M,169.0,,197.0
361,Carlos,39.0,66,Ciudad B,M,165.0,188.0,172.0
575,María,31.0,74,Ciudad C,M,,174.0,197.0
555,Ana,,78,Ciudad C,F,160.0,171.0,186.0
635,Ana,,73,Ciudad B,M,150.0,191.0,
248,Carlos,59.0,72,Ciudad A,M,186.0,154.0,174.0
254,Juan,46.0,51,Ciudad A,M,172.0,164.0,199.0
842,Ana,40.0,74,Ciudad C,M,153.0,197.0,158.0
738,Carlos,18.0,70,Ciudad E,F,,165.0,156.0
392,Juan,22.0,87,Ciudad D,F,171.0,,190.0
904,Juan,35.0,99,Ciudad B,F,162.0,178.0,170.0
793,María,41.0,95,Ciudad C,M,,166.0,161.0
675,María,,58,Ciudad B,F,167.0,181.0,196.0
133,Luis,53.0,89,Ciudad D,F,,,184.0
67,María,40.0,50,Ciudad C,F,195.0,,
824,Luis,20.0,82,Ciudad A,M,,162.0,179.0
710,Luis,56.0,97,Ciudad C,F,176.0,194.0,
622,Luis,65.0,93,Ciudad E,F,168.0,181.0,
839,Luis,,59,Ciudad C,M,,166.0,168.0
194,María,26.0,99,Ciudad D,M,157.0,154.0,180.0
712,Ana,19.0,71,Ciudad E,F,161.0,163.0,182.0
340,María,,80,Ciudad C,M,172.0,181.0,176.0
368,María,54.0,86,Ciudad A,F,183.0,154.0,
863,Ana,32.0,62,Ciudad C,F,156.0,195.0,173.0
381,Juan,40.0,69,Ciudad A,F,191.0,195.0,194.0
503,Juan,58.0,84,Ciudad A,F,,173.0,
134,Ana,50.0,58,Ciudad B,M,,184.0,159.0
39,María,36.0,92,Ciudad A,M,157.0,172.0,152.0
52,Carlos,59.0,67,Ciudad A,F,167.0,,
436,Luis,,95,Ciudad D,F,195.0,,154.0
802,Ana,39.0,84,Ciudad E,M,189.0,,188.0
777,Juan,26.0,91,Ciudad E,M,186.0,171.0,191.0
394,Carlos,32.0,73,Ciudad B,M,189.0,,
819,Luis,41.0,90,Ciudad C,M,,151.0,185.0
90,Juan,27.0,57,Ciudad B,M,185.0,200.0,169.0
739,Luis,33.0,84,Ciudad C,F,156.0,174.0,193.0
853,Luis,50.0,89,Ciudad D,F,,160.0,200.0
670,Ana,21.0,71,Ciudad E,F,,199.0,168.0
483,Juan,50.0,71,Ciudad E,F,,,177.0
43,María,35.0,97,Ciudad A,F,159.0,171.0,194.0
915,María,65.0,85,Ciudad D,F,,184.0,169.0
807,María,,100,Ciudad E,F,,174.0,163.0
721,Ana,53.0,59,Ciudad D,M,169.0,188.0,
827,María,28.0,54,Ciudad A,M,179.0,,156.0
991,Luis,45.0,84,Ciudad D,M,,200.0,182.0
167,Luis,33.0,70,Ciudad D,F,170.0,172.0,177.0
440,Ana,,89,Ciudad C,F,188.0,,153.0
783,Juan,47.0,68,Ciudad B,F,,,198.0
587,María,47.0,54,Ciudad C,M,,160.0,185.0
547,Juan,23.0,77,Ciudad A,F,163.0,168.0,
801,Juan,65.0,52,Ciudad B,M,180.0,,169.0
44,Luis,23.0,95,Ciudad E,F,,152.0,198.0
871,Carlos,34.0,85,Ciudad B,M,163.0,185.0,191.0
997,Juan,53.0,76,Ciudad B,F,157.0,158.0,175.0
561,Juan,36.0,92,Ciudad A,M,159.0,161.0,176.0
586,Juan,18.0,83,Ciudad C,F,164.0,181.0,195.0
926,Luis,26.0,69,Ciudad E,M,180.0,197.0,181.0
700,Luis,33.0,85,Ciudad C,M,198.0,,189.0
507,Ana,,96,Ciudad A,F,153.0,,
68,Carlos,60.0,51,Ciudad D,F,154.0,,198.0
172,Luis,,62,Ciudad B,F,184.0,164.0,186.0
51,Juan,,67,Ciudad B,M,167.0,192.0,172.0
129,Luis,34.0,72,Ciudad B,F,191.0,190.0,173.0
215,Ana,49.0,91,Ciudad E,F,173.0,,
692,Carlos,20.0,74,Ciudad A,M,184.0,,196.0
480,María,48.0,68,Ciudad D,M,170.0,156.0,192.0
343,Juan,24.0,51,Ciudad B,F,185.0,196.0,
105,Luis,45.0,90,Ciudad D,F,180.0,,199.0
470,Juan,21.0,68,Ciudad B,F,173.0,,166.0
10,Luis,48.0,58,Ciudad B,M,168.0,188.0,
540,Ana,,55,Ciudad D,M,,190.0,193.0
685,Juan,33.0,62,Ciudad A,F,,,
546,Ana,39.0,58,Ciudad D,M,,197.0,193.0
316,Ana,,96,Ciudad A,M,157.0,,
387,Luis,,74,Ciudad A,F,155.0,177.0,187.0
110,María,26.0,67,Ciudad B,M,189.0,199.0,164.0
691,Ana,50.0,59,Ciudad D,M,,182.0,151.0
698,María,48.0,91,Ciudad D,M,,184.0,163.0
44,Carlos,31.0,77,Ciudad B,M,,183.0,
492,María,49.0,90,Ciudad D,F,188.0,197.0,
271,Ana,35.0,53,Ciudad C,M,158.0,189.0,159.0
823,Luis,30.0,78,Ciudad D,F,179.0,,
28,María,50.0,87,Ciudad C,F,170.0,150.0,196.0
810,Juan,19.0,71,Ciudad E,F,177.0,179.0,
401,Carlos,23.0,94,Ciudad B,M,183.0,,179.0
501,Carlos,28.0,66,Ciudad D,F,,189.0,
280,María,54.0,81,Ciudad A,F,,,159.0
623,María,25.0,64,Ciudad A,F,164.0,180.0,184.0
109,María,41.0,84,Ciudad D,M,,181.0,150.0
527,Juan,39.0,100,Ciudad A,F,166.0,188.0,188.0
447,Juan,41.0,60,Ciudad B,F,,,
646,Ana,47.0,81,Ciudad B,M,,,187.0
130,Luis,43.0,80,Ciudad E,M,187.0,193.0,195.0
799,Luis,31.0,98,Ciudad D,F,150.0,187.0,181.0
804,Juan,46.0,88,Ciudad B,F,152.0,187.0,157.0
266,Juan,22.0,79,Ciudad B,M,159.0,195.0,197.0
475,Luis,36.0,79,Ciudad E,M,,186.0,193.0
722,Ana,61.0,63,Ciudad B,M,197.0,,
357,Luis,33.0,58,Ciudad C,F,189.0,176.0,161.0
95,Luis,32.0,94,Ciudad A,F,170.0,157.0,199.0
170,Ana,54.0,78,Ciudad B,M,192.0,187.0,168.0
879,Ana,33.0,77,Ciudad E,M,187.0,,192.0
570,Juan,,63,Ciudad D,M,180.0,150.0,198.0
703,María,41.0,98,Ciudad E,M,162.0,165.0,189.0
825,María,53.0,81,Ciudad A,M,,187.0,170.0
725,Carlos,20.0,72,Ciudad C,F,173.0,190.0,
348,María,26.0,71,Ciudad C,M,173.0,164.0,
544,Juan,34.0,53,Ciudad D,F,182.0,175.0,182.0
894,Luis,51.0,68,Ciudad C,M,189.0,182.0,179.0
165,Ana,,51,Ciudad D,F,,189.0,
949,Juan,,91,Ciudad B,M,173.0,,189.0
456,Carlos,58.0,55,Ciudad C,M,199.0,191.0,193.0
158,Ana,44.0,85,Ciudad A,F,152.0,,166.0
694,Juan,54.0,96,Ciudad D,M,151.0,185.0,
630,María,,95,Ciudad C,M,190.0,195.0,163.0
826,María,46.0,82,Ciudad B,M,171.0,189.0,151.0
918,Carlos,54.0,61,Ciudad A,M,198.0,173.0,198.0
932,Ana,54.0,81,Ciudad A,F,166.0,187.0,176.0
565,Carlos,45.0,94,Ciudad A,M,190.0,198.0,154.0
327,Juan,45.0,78,Ciudad E,F,174.0,,159.0
419,Luis,,73,Ciudad A,F,,182.0,168.0
755,Carlos,26.0,66,Ciudad D,F,162.0,177.0,182.0
790,Luis,18.0,73,Ciudad B,M,200.0,161.0,188.0
77,Ana,64.0,66,Ciudad E,F,187.0,168.0,163.0
488,Ana,52.0,94,Ciudad D,F,151.0,172.0,168.0
102,Juan,20.0,66,Ciudad A,M,181.0,195.0,195.0
428,Ana,,96,Ciudad E,F,169.0,158.0,
543,María,57.0,65,Ciudad D,F,186.0,173.0,157.0
556,Juan,,85,Ciudad E,F,166.0,179.0,168.0
516,Ana,26.0,65,Ciudad A,F,,200.0,184.0
668,Ana,37.0,67,Ciudad B,M,190.0,152.0,
603,Juan,39.0,96,Ciudad A,F,175.0,186.0,167.0
594,Carlos,28.0,88,Ciudad B,F,189.0,200.0,166.0
322,María,64.0,53,Ciudad C,F,,172.0,161.0
236,Carlos,59.0,79,Ciudad D,M,177.0,192.0,174.0
727,Ana,57.0,93,Ciudad A,M,162.0,170.0,150.0
280,María,35.0,73,Ciudad D,M,,,186.0
558,Luis,65.0,79,Ciudad B,M,167.0,158.0,162.0
964,Ana,25.0,70,Ciudad B,M,197.0,,199.0
682,Carlos,22.0,82,Ciudad A,M,157.0,164.0,168.0
79,Juan,21.0,89,Ciudad D,M,,,
571,Carlos,45.0,56,Ciudad B,M,177.0,165.0,162.0
639,Juan,30.0,51,Ciudad D,M,181.0,199.0,178.0
776,Luis,,98,Ciudad A,M,197.0,,195.0
456,Juan,21.0,74,Ciudad B,F,,171.0,168.0
275,Luis,43.0,97,Ciudad C,F,,,189.0
831,Luis,24.0,83,Ciudad B,M,177.0,154.0,169.0
112,Luis,,79,Ciudad A,M,189.0,177.0,168.0
617,Juan,31.0,77,Ciudad E,M,161.0,166.0,182.0
163,Ana,65.0,93,Ciudad B,F,150.0,182.0,
164,María,20.0,52,Ciudad E,F,178.0,196.0,151.0
940,María,43.0,88,Ciudad E,F,173.0,197.0,183.0
822,Juan,63.0,76,Ciudad A,F,162.0,172.0,198.0
239,Ana,26.0,85,Ciudad A,F,,,151.0
6,Ana,26.0,82,Ciudad E,M,,178.0,193.0
489,Juan,55.0,99,Ciudad A,F,180.0,166.0,159.0
701,Luis,57.0,82,Ciudad E,M,171.0,,194.0
691,Juan,,59,Ciudad E,F,183.0,180.0,198.0
668,Carlos,,68,Ciudad D,F,173.0,173.0,166.0
31,Luis,62.0,70,Ciudad E,F,193.0,,
422,Luis,,68,Ciudad A,F,179.0,190.0,152.0
425,Juan,,67,Ciudad C,F,186.0,189.0,183.0
242,Carlos,26.0,58,Ciudad D,F,156.0,152.0,
771,Ana,58.0,83,Ciudad C,M,197.0,165.0,177.0
412,Ana,27.0,66,Ciudad D,F,188.0,,
88,María,51.0,69,Ciudad B,F,171.0,197.0,185.0
141,Juan,53.0,87,Ciudad D,M,186.0,,196.0
809,Carlos,22.0,94,Ciudad A,F,184.0,185.0,185.0
419,Luis,21.0,50,Ciudad D,F,200.0,183.0,175.0
705,María,33.0,77,Ciudad C,M,167.0,156.0,158.0
27,Ana,39.0,51,Ciudad B,F,176.0,181.0,
868,María,,61,Ciudad E,F,,173.0,169.0
450,Juan,58.0,65,Ciudad C,F,200.0,178.0,169.0
827,Carlos,43.0,65,Ciudad A,F,166.0,191.0,150.0
86,Juan,,80,Ciudad B,F,194.0,156.0,173.0
485,Luis,52.0,53,Ciudad C,M,185.0,,198.0
509,María,46.0,70,Ciudad E,M,150.0,189.0,173.0
345,Carlos,50.0,51,Ciudad A,M,183.0,,151.0
372,Juan,19.0,73,Ciudad B,M,167.0,189.0,152.0
865,Luis,37.0,91,Ciudad A,F,198.0,,197.0
775,María,23.0,88,Ciudad E,F,172.0,165.0,166.0
518,María,27.0,86,Ciudad A,F,197.0,195.0,169.0
701,Luis,57.0,82,Ciudad E,M,171.0,,194.0
149,Juan,63.0,89,Ciudad E,F,156.0,167.0,167.0
101,Ana,32.0,73,Ciudad E,F,165.0,200.0,184.0
277,María,40.0,98,Ciudad A,F,151.0,177.0,166.0
428,Ana,19.0,97,Ciudad B,M,157.0,180.0,197.0
487,Carlos,,56,Ciudad C,M,,177.0,
657,Luis,48.0,56,Ciudad E,F,191.0,,171.0
484,María,48.0,78,Ciudad A,F,,193.0,
138,Juan,,67,Ciudad B,F,169.0,196.0,200.0
316,Ana,26.0,90,Ciudad A,M,197.0,163.0,170.0
527,Carlos,60.0,83,Ciudad E,M,180.0,,168.0
38,Luis,55.0,52,Ciudad C,M,188.0,,
865,Juan,39.0,63,Ciudad E,M,195.0,194.0,191.0
274,Juan,38.0,83,Ciudad A,M,195.0,,
144,Luis,59.0,54,Ciudad D,F,194.0,162.0,170.0
280,María,35.0,73,Ciudad D,M,,,186.0
13,María,23.0,56,Ciudad D,M,,172.0,189.0
533,Luis,49.0,77,Ciudad C,M,185.0,155.0,163.0
550,Juan,22.0,88,Ciudad D,M,,190.0,
354,Ana,27.0,92,Ciudad D,M,,178.0,177.0
27,Luis,55.0,98,Ciudad B,F,181.0,,192.0
794,Juan,46.0,96,Ciudad E,M,172.0,171.0,185.0
47,Ana,61.0,68,Ciudad B,M,,189.0,
529,Ana,39.0,71,Ciudad C,F,,150.0,152.0
384,Juan,,58,Ciudad A,M,177.0,187.0,
460,Juan,64.0,86,Ciudad D,F,170.0,,
375,Carlos,62.0,94,Ciudad C,M,171.0,165.0,157.0
278,Ana,60.0,72,Ciudad C,F,157.0,178.0,186.0
737,Carlos,49.0,58,Ciudad A,M,,180.0,160.0
682,Carlos,22.0,82,Ciudad A,M,157.0,164.0,168.0
799,Ana,53.0,52,Ciudad C,F,151.0,168.0,169.0
843,Juan,54.0,65,Ciudad C,M,177.0,177.0,
880,María,,97,Ciudad D,M,185.0,160.0,155.0
365,María,28.0,94,Ciudad B,M,171.0,160.0,153.0
610,Juan,25.0,60,Ciudad D,M,173.0,169.0,190.0
264,Ana,40.0,63,Ciudad A,M,161.0,187.0,176.0
76,Luis,25.0,72,Ciudad A,F,174.0,189.0,
96,Carlos,48.0,83,Ciudad E,M,169.0,174.0,185.0
74,Luis,34.0,84,Ciudad E,F,186.0,200.0,190.0
778,Carlos,,90,Ciudad A,F,,170.0,
866,Carlos,55.0,55,Ciudad D,M,200.0,176.0,191.0
395,Carlos,,89,Ciudad C,F,195.0,173.0,185.0
366,Luis,,56,Ciudad A,M,,180.0,178.0
590,María,39.0,54,Ciudad D,F,190.0,,166.0
337,María,18.0,50,Ciudad B,M,199.0,,185.0
609,Ana,,83,Ciudad E,F,192.0,189.0,177.0
15,María,45.0,83,Ciudad A,M,182.0,150.0,
403,Carlos,,91,Ciudad E,M,,174.0,193.0
324,Juan,37.0,73,Ciudad D,M,184.0,193.0,159.0
963,Ana,62.0,67,Ciudad D,F,163.0,191.0,185.0
576,Juan,,94,Ciudad A,M,163.0,194.0,151.0
724,Carlos,31.0,54,Ciudad C,F,180.0,,
896,Carlos,46.0,54,Ciudad D,M,,158.0,151.0
58,María,44.0,65,Ciudad C,F,177.0,157.0,151.0
947,Carlos,57.0,69,Ciudad D,M,164.0,152.0,167.0
967,Juan,,68,Ciudad E,M,191.0,179.0,196.0
921,Ana,34.0,82,Ciudad D,F,,171.0,150.0
263,Juan,51.0,72,Ciudad B,M,,188.0,
848,Carlos,24.0,50,Ciudad D,F,164.0,158.0,
73,Carlos,,58,Ciudad D,M,150.0,156.0,196.0
898,Ana,50.0,65,Ciudad E,F,,,199.0
266,Carlos,27.0,90,Ciudad B,M,189.0,175.0,165.0
812,María,60.0,96,Ciudad E,F,,170.0,
536,Carlos,18.0,87,Ciudad C,F,,,154.0
233,Luis,45.0,84,Ciudad A,F,,,198.0
612,Carlos,38.0,74,Ciudad B,F,171.0,188.0,178.0
41,Juan,31.0,66,Ciudad C,F,177.0,178.0,
661,Luis,62.0,70,Ciudad E,M,167.0,194.0,178.0
948,Ana,63.0,91,Ciudad B,F,176.0,195.0,157.0
270,Ana,20.0,64,Ciudad A,M,,,194.0
279,María,,81,Ciudad B,F,160.0,179.0,
447,María,65.0,65,Ciudad E,M,176.0,157.0,
127,Ana,26.0,96,Ciudad C,M,154.0,199.0,152.0
247,Luis,,96,Ciudad D,M,,,163.0
292,Juan,18.0,67,Ciudad D,F,150.0,,152.0
100,Luis,32.0,94,Ciudad B,F,155.0,161.0,187.0
116,Juan,,76,Ciudad B,M,,160.0,166.0
510,Ana,50.0,79,Ciudad E,F,177.0,194.0,158.0
618,Luis,64.0,78,Ciudad B,M,179.0,159.0,
452,María,57.0,64,Ciudad A,F,,170.0,158.0
763,Luis,,84,Ciudad D,F,198.0,,156.0
42,Ana,47.0,96,Ciudad B,M,,180.0,
355,Luis,28.0,66,Ciudad C,F,186.0,183.0,197.0
321,María,,81,Ciudad A,M,,,186.0
845,Juan,59.0,60,Ciudad C,M,,172.0,172.0
873,María,47.0,86,Ciudad E,M,174.0,199.0,
240,Carlos,,58,Ciudad E,M,190.0,193.0,
129,Carlos,29.0,59,Ciudad E,M,189.0,200.0,188.0
852,María,46.0,88,Ciudad B,F,156.0,160.0,158.0
45,Ana,,77,Ciudad A,F,,188.0,161.0
732,Luis,,53,Ciudad B,F,197.0,199.0,185.0
3,Luis,,90,Ciudad E,M,,199.0,197.0
936,María,56.0,55,Ciudad A,F,165.0,160.0,171.0
659,María,59.0,61,Ciudad C,F,164.0,169.0,199.0
302,Luis,30.0,95,Ciudad A,F,162.0,,152.0
747,María,,65,Ciudad D,M,,188.0,165.0
838,Luis,61.0,82,Ciudad A,F,200.0,,191.0
890,Carlos,,74,Ciudad D,M,152.0,161.0,155.0
12,Ana,65.0,77,Ciudad C,F,166.0,171.0,185.0
315,Ana,56.0,89,Ciudad B,F,174.0,,
631,Ana,61.0,76,Ciudad D,F,186.0,155.0,182.0
928,María,45.0,67,Ciudad B,M,185.0,183.0,167.0
780,Juan,60.0,89,Ciudad A,M,177.0,160.0,161.0
183,Luis,65.0,54,Ciudad A,F,192.0,,152.0
538,Juan,26.0,83,Ciudad B,F,174.0,192.0,193.0
798,Luis,,60,Ciudad A,F,192.0,161.0,165.0
984,Ana,35.0,92,Ciudad E,M,,159.0,199.0
331,Luis,27.0,55,Ciudad A,F,164.0,153.0,191.0
297,Carlos,57.0,87,Ciudad A,M,181.0,183.0,172.0
5,Carlos,52.0,83,Ciudad C,M,168.0,,
660,Carlos,39.0,91,Ciudad D,F,186.0,,166.0
757,Juan,65.0,63,Ciudad B,F,170.0,,192.0
639,María,,83,Ciudad B,M,160.0,,174.0
384,Juan,53.0,99,Ciudad A,M,166.0,168.0,166.0
907,Ana,48.0,77,Ciudad E,M,175.0,177.0,192.0
371,Juan,40.0,54,Ciudad D,F,180.0,150.0,182.0
299,Carlos,65.0,74,Ciudad A,F,195.0,180.0,167.0
420,Juan,47.0,91,Ciudad D,F,,167.0,182.0
431,Luis,53.0,65,Ciudad E,F,195.0,169.0,183.0
288,Luis,23.0,59,Ciudad E,M,,,200.0
398,María,62.0,65,Ciudad D,M,182.0,,183.0
35,Luis,58.0,57,Ciudad D,F,189.0,157.0,190.0
291,Ana,36.0,64,Ciudad C,F,155.0,,185.0
272,Juan,37.0,54,Ciudad A,M,167.0,,193.0
560,Carlos,22.0,53,Ciudad C,M,171.0,154.0,150.0
620,María,24.0,82,Ciudad B,F,152.0,177.0,155.0
797,María,21.0,84,Ciudad D,M,174.0,198.0,159.0
89,Carlos,38.0,92,Ciudad A,F,195.0,186.0,188.0
871,Ana,57.0,93,Ciudad B,M,152.0,165.0,198.0
554,Luis,60.0,80,Ciudad D,F,160.0,166.0,168.0
731,Juan,47.0,70,Ciudad A,M,162.0,182.0,168.0
642,Ana,47.0,57,Ciudad A,F,156.0,185.0,152.0
944,Ana,27.0,60,Ciudad B,M,171.0,185.0,
387,Juan,37.0,80,Ciudad D,M,,179.0,179.0
325,Juan,60.0,52,Ciudad D,F,198.0,190.0,186.0
319,María,,96,Ciudad B,M,183.0,,171.0
432,Carlos,34.0,53,Ciudad B,F,,199.0,198.0
318,Ana,,66,Ciudad D,F,174.0,150.0,194.0
533,Ana,24.0,100,Ciudad C,M,176.0,200.0,154.0
103,María,52.0,65,Ciudad E,F,187.0,170.0,159.0
382,María,63.0,78,Ciudad B,F,180.0,187.0,162.0
245,Carlos,34.0,76,Ciudad E,M,,,158.0
391,Carlos,50.0,69,Ciudad A,M,189.0,159.0,180.0
317,Juan,39.0,65,Ciudad D,F,185.0,,
897,Ana,47.0,58,Ciudad D,M,195.0,,179.0
812,María,36.0,51,Ciudad E,M,172.0,182.0,168.0
207,Juan,58.0,83,Ciudad C,F,,155.0,
593,María,25.0,97,Ciudad B,F,172.0,199.0,172.0
137,Carlos,,77,Ciudad A,F,,155.0,186.0
552,Carlos,38.0,76,Ciudad D,F,183.0,196.0,
504,Juan,50.0,93,Ciudad A,F,176.0,152.0,170.0
687,Luis,41.0,78,Ciudad A,M,182.0,158.0,193.0
127,Juan,65.0,78,Ciudad A,M,,151.0,166.0
734,Ana,19.0,89,Ciudad A,F,,,158.0
53,María,40.0,56,Ciudad D,M,166.0,155.0,152.0
271,Juan,39.0,65,Ciudad E,F,177.0,175.0,191.0
713,María,,76,Ciudad B,F,170.0,192.0,200.0
596,Ana,48.0,91,Ciudad B,M,165.0,165.0,158.0
777,Juan,,61,Ciudad B,M,180.0,195.0,
73,Carlos,39.0,73,Ciudad A,M,,188.0,171.0
211,María,,70,Ciudad A,F,155.0,177.0,170.0
2,Ana,,57,Ciudad E,F,171.0,167.0,
765,Juan,,74,Ciudad E,M,175.0,190.0,185.0
834,Luis,63.0,80,Ciudad E,M,,160.0,156.0
507,Juan,46.0,71,Ciudad D,M,184.0,,164.0
145,Ana,23.0,77,Ciudad E,M,170.0,169.0,167.0
60,Luis,22.0,53,Ciudad C,F,183.0,180.0,173.0
573,Ana,40.0,89,Ciudad E,M,185.0,193.0,183.0
615,Ana,,71,Ciudad D,M,167.0,179.0,154.0
102,Ana,64.0,62,Ciudad C,F,,185.0,182.0
846,Ana,35.0,65,Ciudad C,M,173.0,191.0,157.0
334,Juan,27.0,100,Ciudad E,M,,198.0,198.0
581,Juan,29.0,61,Ciudad D,M,198.0,155.0,162.0
174,Juan,55.0,79,Ciudad B,F,,190.0,151.0
962,Luis,,74,Ciudad A,M,180.0,190.0,154.0
552,Luis,,56,Ciudad A,F,,198.0,
864,Luis,,55,Ciudad C,M,179.0,196.0,
301,Ana,57.0,90,Ciudad E,F,170.0,162.0,194.0
150,Carlos,56.0,88,Ciudad C,F,177.0,161.0,
628,Juan,57.0,77,Ciudad C,M,160.0,156.0,
105,Juan,,86,Ciudad E,M,,165.0,190.0
791,Carlos,60.0,81,Ciudad D,F,,182.0,
65,María,18.0,85,Ciudad B,F,151.0,,184.0
484,María,42.0,96,Ciudad A,F,,180.0,160.0
731,Ana,51.0,93,Ciudad B,M,193.0,165.0,155.0
742,Carlos,,97,Ciudad B,M,195.0,166.0,186.0
689,Luis,28.0,64,Ciudad E,F,168.0,162.0,
712,Carlos,38.0,72,Ciudad B,F,152.0,,162.0
130,Carlos,,84,Ciudad E,M,172.0,190.0,192.0
388,Ana,,98,Ciudad C,F,162.0,181.0,170.0
721,Ana,53.0,59,Ciudad D,M,169.0,188.0,
950,Carlos,,60,Ciudad D,M,163.0,173.0,
457,Ana,62.0,93,Ciudad A,M,,192.0,174.0
817,Luis,65.0,92,Ciudad E,F,194.0,161.0,
611,Carlos,25.0,61,Ciudad B,M,189.0,,
220,Ana,32.0,87,Ciudad B,M,156.0,155.0,194.0
497,Ana,60.0,62,Ciudad C,F,168.0,178.0,
590,Ana,,87,Ciudad C,F,153.0,154.0,173.0
567,Luis,,56,Ciudad C,F,196.0,150.0,163.0
108,Juan,,68,Ciudad C,M,200.0,187.0,163.0
707,Juan,20.0,77,Ciudad D,F,153.0,178.0,160.0
221,Carlos,63.0,82,Ciudad D,M,169.0,177.0,154.0
785,Juan,23.0,57,Ciudad B,M,,176.0,186.0
121,María,54.0,93,Ciudad B,M,200.0,186.0,185.0
223,Ana,34.0,81,Ciudad D,F,,163.0,157.0
92,Ana,30.0,58,Ciudad E,F,,190.0,
597,Luis,60.0,50,Ciudad A,F,174.0,,153.0
45,Juan,62.0,78,Ciudad C,M,198.0,172.0,189.0
696,Luis,34.0,54,Ciudad C,M,165.0,167.0,166.0
959,Juan,,96,Ciudad B,F,158.0,151.0,
878,Carlos,20.0,84,Ciudad E,M,,191.0,179.0
955,Juan,40.0,72,Ciudad E,F,185.0,162.0,170.0
170,Carlos,43.0,73,Ciudad C,M,174.0,199.0,183.0
872,Luis,51.0,72,Ciudad D,F,198.0,153.0,183.0
284,Ana,36.0,69,Ciudad C,F,166.0,160.0,171.0
788,María,61.0,98,Ciudad E,F,157.0,197.0,191.0
920,Ana,58.0,94,Ciudad D,F,153.0,168.0,
884,Ana,,62,Ciudad C,F,175.0,155.0,171.0
209,Juan,31.0,68,Ciudad D,M,172.0,169.0,155.0
193,Ana,,70,Ciudad C,M,,197.0,177.0
182,Ana,57.0,90,Ciudad E,M,152.0,,169.0
895,Carlos,30.0,93,Ciudad E,M,153.0,154.0,
544,Carlos,62.0,98,Ciudad A,F,167.0,,178.0
383,Ana,59.0,75,Ciudad D,F,175.0,195.0,163.0
477,María,29.0,61,Ciudad D,M,151.0,164.0,177.0
95,Carlos,21.0,53,Ciudad D,M,183.0,184.0,197.0
66,Carlos,,77,Ciudad D,F,180.0,194.0,
578,Juan,50.0,98,Ciudad A,F,158.0,,159.0
169,Carlos,30.0,90,Ciudad D,M,152.0,188.0,156.0
528,Carlos,,90,Ciudad D,F,181.0,178.0,
820,Juan,,55,Ciudad D,M,181.0,153.0,175.0
49,Juan,31.0,63,Ciudad D,M,200.0,,151.0
119,Ana,50.0,92,Ciudad C,M,161.0,176.0,176.0
651,María,41.0,98,Ciudad C,M,168.0,176.0,154.0
605,Carlos,35.0,59,Ciudad E,M,,172.0,
711,Juan,,61,Ciudad D,M,,154.0,176.0
509,Ana,32.0,58,Ciudad C,F,,162.0,193.0
168,Ana,,87,Ciudad A,F,183.0,,164.0
219,María,50.0,61,Ciudad B,F,185.0,,164.0
976,Juan,58.0,68,Ciudad B,F,166.0,,
992,María,49.0,78,Ciudad B,M,,171.0,188.0
606,María,58.0,70,Ciudad B,F,,151.0,
293,Ana,27.0,71,Ciudad D,F,178.0,172.0,
204,Juan,36.0,50,Ciudad E,F,,,199.0
228,Luis,41.0,77,Ciudad D,M,182.0,186.0,
124,Luis,23.0,68,Ciudad E,F,184.0,,
697,Luis,50.0,61,Ciudad C,M,180.0,186.0,170.0
50,Ana,,70,Ciudad B,M,157.0,155.0,196.0
320,María,,81,Ciudad E,M,158.0,200.0,197.0
121,Juan,65.0,72,Ciudad A,M,,179.0,173.0
325,Juan,60.0,52,Ciudad D,F,198.0,190.0,186.0
837,Ana,22.0,57,Ciudad C,F,171.0,195.0,157.0
221,Juan,,74,Ciudad B,M,187.0,167.0,182.0
523,María,43.0,71,Ciudad C,F,,,185.0
324,Luis,20.0,71,Ciudad A,M,198.0,185.0,153.0
397,Luis,48.0,50,Ciudad E,F,172.0,156.0,195.0
215,Ana,61.0,99,Ciudad B,F,,,194.0
900,María,57.0,51,Ciudad C,M,182.0,,157.0
300,Luis,22.0,96,Ciudad C,F,,,178.0
234,Carlos,28.0,92,Ciudad B,M,164.0,199.0,
62,Juan,,68,Ciudad B,M,,194.0,167.0
512,Carlos,43.0,72,Ciudad A,F,171.0,170.0,156.0
99,Luis,21.0,63,Ciudad C,F,194.0,159.0,186.0
462,Luis,63.0,97,Ciudad E,M,198.0,181.0,184.0
752,Carlos,65.0,69,Ciudad B,M,,189.0,197.0
111,Carlos,60.0,96,Ciudad C,M,192.0,,187.0
723,Luis,41.0,100,Ciudad D,F,161.0,,198.0
870,Carlos,,88,Ciudad A,M,179.0,159.0,
575,María,,86,Ciudad D,M,,154.0,199.0
408,Ana,49.0,58,Ciudad C,F,169.0,174.0,181.0
197,Carlos,19.0,76,Ciudad E,F,200.0,178.0,166.0
391,Carlos,,51,Ciudad A,M,183.0,155.0,179.0
874,Ana,61.0,99,Ciudad D,F,169.0,,177.0
164,Juan,19.0,75,Ciudad D,M,200.0,194.0,
633,María,22.0,67,Ciudad C,M,194.0,186.0,151.0
502,Juan,,54,Ciudad B,M,173.0,196.0,159.0
869,Juan,33.0,89,Ciudad D,F,,150.0,177.0
70,Carlos,28.0,52,Ciudad B,F,,180.0,166.0
686,Carlos,45.0,50,Ciudad A,M,152.0,176.0,182.0
521,Ana,47.0,61,Ciudad A,M,200.0,187.0,159.0
694,Ana,,88,Ciudad E,F,162.0,,170.0
615,María,,95,Ciudad E,F,180.0,168.0,178.0
961,María,51.0,54,Ciudad D,F,165.0,,166.0
584,Ana,51.0,88,Ciudad C,F,179.0,186.0,166.0
611,Carlos,27.0,85,Ciudad B,M,182.0,166.0,154.0
877,María,40.0,75,Ciudad E,M,152.0,174.0,187.0
663,María,48.0,68,Ciudad D,F,184.0,163.0,
977,Juan,59.0,99,Ciudad A,F,174.0,175.0,150.0
917,María,29.0,52,Ciudad C,M,192.0,169.0,154.0
508,Carlos,,93,Ciudad B,F,159.0,186.0,183.0
138,Ana,,59,Ciudad A,M,162.0,,183.0
157,Juan,,98,Ciudad D,F,196.0,,175.0
950,Luis,49.0,90,Ciudad E,M,163.0,193.0,179.0
412,Ana,46.0,87,Ciudad B,F,180.0,189.0,193.0
100,Juan,38.0,84,Ciudad A,F,197.0,171.0,188.0
934,Carlos,46.0,65,Ciudad C,F,164.0,150.0,192.0
804,Ana,56.0,78,Ciudad C,M,157.0,155.0,180.0
108,Juan,50.0,60,Ciudad A,F,190.0,163.0,156.0
479,Carlos,56.0,90,Ciudad A,F,188.0,164.0,180.0
143,Carlos,56.0,64,Ciudad C,F,193.0,162.0,187.0
642,Luis,46.0,94,Ciudad A,M,,158.0,
650,Ana,64.0,74,Ciudad C,M,150.0,189.0,175.0
274,Ana,37.0,96,Ciudad B,F,190.0,,173.0
900,Carlos,44.0,85,Ciudad E,M,181.0,,190.0
380,Ana,63.0,85,Ciudad E,M,166.0,197.0,186.0
385,Carlos,,62,Ciudad C,M,176.0,169.0,
126,Luis,39.0,80,Ciudad E,M,182.0,150.0,158.0
693,María,56.0,82,Ciudad E,M,166.0,,174.0
339,Ana,,65,Ciudad C,F,,157.0,150.0
600,Juan,46.0,52,Ciudad E,F,,158.0,159.0
317,María,24.0,97,Ciudad A,F,162.0,178.0,
429,Juan,56.0,88,Ciudad D,F,171.0,174.0,
386,Juan,,83,Ciudad B,M,,197.0,179.0
40,Luis,60.0,62,Ciudad D,F,178.0,183.0,195.0
342,Carlos,54.0,92,Ciudad A,F,150.0,192.0,171.0
4,María,,86,Ciudad C,F,163.0,167.0,166.0
516,Ana,26.0,65,Ciudad A,F,,200.0,184.0
856,María,27.0,54,Ciudad A,F,,190.0,192.0
679,Ana,45.0,53,Ciudad D,M,183.0,176.0,158.0
901,Juan,48.0,81,Ciudad B,M,195.0,,
624,Carlos,63.0,98,Ciudad D,F,151.0,157.0,161.0
908,Luis,47.0,63,Ciudad D,M,197.0,,186.0
981,María,63.0,63,Ciudad C,F,169.0,174.0,196.0
413,Ana,61.0,60,Ciudad A,M,164.0,152.0,162.0
500,Carlos,35.0,100,Ciudad D,F,,175.0,150.0
849,Juan,42.0,71,Ciudad B,M,163.0,160.0,152.0
671,María,,67,Ciudad D,F,187.0,155.0,
443,Juan,56.0,72,Ciudad A,F,165.0,,165.0
335,Ana,20.0,79,Ciudad A,M,155.0,,198.0
238,María,26.0,69,Ciudad B,F,187.0,187.0,158.0
206,Carlos,,87,Ciudad C,M,171.0,176.0,185.0
7,Juan,,75,Ciudad D,M,185.0,173.0,197.0
728,Carlos,21.0,89,Ciudad D,F,196.0,,155.0
837,Luis,,68,Ciudad D,F,151.0,,173.0
660,Carlos,39.0,91,Ciudad D,F,186.0,,166.0
23,Ana,38.0,61,Ciudad D,F,,182.0,153.0
898,Ana,38.0,92,Ciudad D,M,184.0,180.0,
315,Juan,,50,Ciudad E,F,180.0,198.0,173.0
264,Carlos,58.0,79,Ciudad C,F,200.0,174.0,187.0
392,Ana,30.0,92,Ciudad E,F,166.0,179.0,155.0
155,María,57.0,59,Ciudad C,F,180.0,,189.0
860,Ana,61.0,89,Ciudad B,F,,,154.0
295,Juan,53.0,69,Ciudad E,F,156.0,,
308,Carlos,39.0,88,Ciudad A,M,173.0,153.0,152.0
644,Carlos,,82,Ciudad B,M,193.0,,161.0
59,María,24.0,87,Ciudad E,M,153.0,,178.0
289,Luis,36.0,55,Ciudad D,M,170.0,169.0,162.0
439,María,38.0,68,Ciudad E,F,,162.0,156.0
754,María,,68,Ciudad A,F,180.0,175.0,197.0
744,María,55.0,75,Ciudad C,F,199.0,158.0,178.0
519,Juan,34.0,58,Ciudad A,M,166.0,189.0,170.0
514,Carlos,,95,Ciudad D,M,170.0,191.0,187.0
375,Juan,31.0,69,Ciudad C,F,,161.0,198.0
205,Juan,49.0,91,Ciudad E,M,165.0,198.0,152.0
236,Carlos,59.0,79,Ciudad D,M,177.0,192.0,174.0
167,Ana,,100,Ciudad E,M,174.0,,165.0
423,Carlos,44.0,63,Ciudad C,M,,199.0,190.0
114,Juan,,91,Ciudad C,F,,200.0,
49,María,60.0,56,Ciudad A,F,200.0,189.0,175.0
750,María,38.0,58,Ciudad C,M,,,166.0
151,Luis,47.0,60,Ciudad B,M,183.0,198.0,164.0
711,Luis,38.0,87,Ciudad B,F,178.0,,166.0
336,Carlos,43.0,56,Ciudad E,M,179.0,157.0,187.0
116,Carlos,,81,Ciudad E,M,199.0,189.0,189.0
636,Juan,39.0,70,Ciudad B,M,199.0,176.0,193.0
298,Ana,36.0,50,Ciudad C,F,187.0,186.0,193.0
328,Juan,,100,Ciudad D,F,,180.0,199.0
847,Luis,55.0,91,Ciudad C,F,160.0,174.0,154.0
759,María,50.0,50,Ciudad A,F,164.0,169.0,160.0
521,Carlos,57.0,74,Ciudad B,F,161.0,192.0,190.0
655,Luis,20.0,91,Ciudad C,F,178.0,174.0,200.0
94,Carlos,61.0,67,Ciudad B,F,158.0,194.0,171.0
909,Luis,,82,Ciudad C,F,158.0,162.0,
189,Ana,46.0,91,Ciudad C,F,167.0,,183.0
26,Carlos,34.0,55,Ciudad C,F,159.0,195.0,196.0
184,María,60.0,55,Ciudad E,F,174.0,152.0,177.0
841,María,,82,Ciudad A,F,153.0,,
680,María,43.0,54,Ciudad A,F,197.0,150.0,
365,Juan,,84,Ciudad E,F,165.0,163.0,188.0
24,Luis,53.0,66,Ciudad E,F,186.0,178.0,
767,Juan,49.0,89,Ciudad E,M,171.0,179.0,
321,Juan,55.0,97,Ciudad A,F,,153.0,181.0
510,Ana,50.0,79,Ciudad E,F,177.0,194.0,158.0
792,María,25.0,54,Ciudad E,M,182.0,171.0,200.0
463,Carlos,30.0,66,Ciudad E,M,200.0,177.0,161.0
764,Carlos,21.0,59,Ciudad C,F,184.0,198.0,182.0
99,Juan,21.0,87,Ciudad D,M,,188.0,193.0
592,Carlos,45.0,57,Ciudad B,M,,184.0,170.0
946,Luis,,77,Ciudad E,F,187.0,185.0,
498,María,48.0,82,Ciudad E,F,199.0,182.0,180.0
582,Ana,,61,Ciudad C,M,191.0,168.0,160.0
956,María,,94,Ciudad D,M,151.0,194.0,
7,Ana,23.0,60,Ciudad C,F,,194.0,180.0
505,Ana,,98,Ciudad E,M,172.0,178.0,
179,Luis,42.0,98,Ciudad A,F,160.0,158.0,198.0
710,Carlos,49.0,53,Ciudad E,F,169.0,,174.0
655,Luis,,82,Ciudad B,F,,192.0,157.0
492,Juan,46.0,87,Ciudad E,F,196.0,172.0,168.0
803,María,44.0,75,Ciudad D,F,,182.0,181.0
698,Luis,63.0,60,Ciudad E,M,171.0,166.0,189.0
851,Ana,34.0,87,Ciudad A,F,180.0,170.0,195.0
461,Luis,,70,Ciudad E,M,192.0,177.0,195.0
367,Ana,63.0,57,Ciudad C,M,156.0,186.0,
367,Ana,,73,Ciudad D,F,,163.0,189.0
82,Ana,18.0,69,Ciudad D,M,151.0,189.0,
203,Juan,45.0,58,Ciudad D,M,168.0,,182.0
145,Luis,,75,Ciudad C,F,,198.0,173.0
459,Carlos,50.0,59,Ciudad B,M,198.0,175.0,
442,Luis,,60,Ciudad C,M,160.0,171.0,166.0
40,Luis,60.0,62,Ciudad D,F,178.0,183.0,195.0
230,Ana,25.0,88,Ciudad C,F,175.0,,183.0
150,Carlos,42.0,64,Ciudad D,F,185.0,153.0,167.0
295,Juan,53.0,69,Ciudad E,F,156.0,,
878,Luis,22.0,95,Ciudad E,M,182.0,,200.0
244,Juan,,89,Ciudad C,M,150.0,172.0,
37,Carlos,,61,Ciudad B,M,153.0,185.0,161.0
219,Ana,63.0,83,Ciudad D,M,177.0,190.0,172.0
635,María,19.0,97,Ciudad E,M,194.0,200.0,
529,Juan,62.0,81,Ciudad C,M,,,
637,Ana,,58,Ciudad C,F,,154.0,156.0
420,Ana,26.0,100,Ciudad B,M,197.0,197.0,179.0
704,María,36.0,51,Ciudad A,M,,175.0,158.0
911,María,21.0,76,Ciudad B,F,193.0,176.0,
946,Luis,,77,Ciudad E,F,187.0,185.0,
64,María,50.0,80,Ciudad A,M,190.0,199.0,176.0
850,Ana,25.0,55,Ciudad C,M,151.0,179.0,179.0
656,Juan,,83,Ciudad D,M,194.0,167.0,163.0
901,María,54.0,75,Ciudad E,M,,189.0,155.0
920,María,52.0,89,Ciudad D,F,175.0,173.0,200.0
236,Carlos,59.0,79,Ciudad D,M,177.0,192.0,174.0
319,Carlos,,100,Ciudad B,M,190.0,173.0,194.0
820,María,37.0,61,Ciudad B,F,194.0,,
237,Carlos,36.0,81,Ciudad D,F,178.0,184.0,176.0
229,Ana,19.0,71,Ciudad B,M,184.0,150.0,
421,María,39.0,79,Ciudad B,F,150.0,,175.0
442,Juan,48.0,79,Ciudad B,M,155.0,187.0,188.0
96,Carlos,58.0,97,Ciudad B,M,,,150.0
314,Carlos,,60,Ciudad A,M,,195.0,186.0
481,Ana,56.0,63,Ciudad E,F,195.0,,183.0
486,Carlos,21.0,99,Ciudad A,M,186.0,,172.0
910,María,57.0,59,Ciudad C,M,178.0,188.0,175.0
80,Ana,35.0,50,Ciudad A,M,173.0,189.0,
741,Carlos,61.0,87,Ciudad D,M,196.0,,194.0
814,Luis,,56,Ciudad E,F,180.0,152.0,194.0
476,Carlos,47.0,68,Ciudad E,F,163.0,193.0,150.0
136,Ana,39.0,52,Ciudad B,M,183.0,,156.0
885,Luis,54.0,75,Ciudad E,F,168.0,191.0,199.0
211,Luis,53.0,51,Ciudad B,F,185.0,164.0,
669,Luis,31.0,99,Ciudad E,F,168.0,193.0,196.0
212,Juan,54.0,65,Ciudad B,M,177.0,,
363,Luis,41.0,89,Ciudad B,M,190.0,177.0,165.0
979,Ana,64.0,73,Ciudad A,F,185.0,159.0,175.0
24,Luis,19.0,91,Ciudad D,F,151.0,166.0,
690,María,56.0,60,Ciudad B,M,,160.0,
736,Juan,59.0,60,Ciudad D,M,193.0,175.0,
369,Luis,45.0,53,Ciudad D,M,189.0,190.0,164.0
511,Carlos,65.0,78,Ciudad B,M,,179.0,197.0
709,Ana,19.0,92,Ciudad D,M,182.0,169.0,200.0
35,Carlos,,62,Ciudad B,M,180.0,,
186,Ana,61.0,64,Ciudad C,F,172.0,,152.0
143,Ana,26.0,54,Ciudad B,F,191.0,,163.0
702,Carlos,62.0,69,Ciudad E,M,151.0,166.0,194.0
896,Carlos,46.0,54,Ciudad D,M,,158.0,151.0
34,María,57.0,97,Ciudad E,F,186.0,179.0,167.0
729,Juan,65.0,80,Ciudad A,F,194.0,,199.0
957,Carlos,31.0,78,Ciudad E,M,178.0,189.0,190.0
260,Ana,34.0,80,Ciudad E,M,162.0,153.0,198.0
848,Juan,27.0,76,Ciudad C,F,165.0,,
57,Juan,18.0,56,Ciudad C,M,,179.0,
715,Ana,20.0,80,Ciudad E,F,187.0,150.0,176.0
534,Luis,,92,Ciudad C,F,155.0,,156.0
122,Carlos,51.0,61,Ciudad E,F,153.0,161.0,194.0
255,Juan,,67,Ciudad A,F,,,164.0
624,María,33.0,68,Ciudad A,M,179.0,175.0,
442,Juan,48.0,79,Ciudad B,M,155.0,187.0,188.0
214,Juan,24.0,50,Ciudad B,M,183.0,,184.0
632,Juan,52.0,94,Ciudad D,F,,196.0,192.0
438,Ana,28.0,58,Ciudad E,M,186.0,188.0,198.0
645,María,,74,Ciudad A,M,159.0,,184.0
348,María,,50,Ciudad D,F,189.0,187.0,164.0
703,Ana,32.0,57,Ciudad D,M,160.0,184.0,194.0
951,Ana,60.0,99,Ciudad A,F,,154.0,186.0
524,Ana,,61,Ciudad D,F,179.0,155.0,172.0
652,Juan,20.0,78,Ciudad E,M,183.0,195.0,
301,Ana,57.0,90,Ciudad E,F,170.0,162.0,194.0
671,Ana,39.0,88,Ciudad D,F,165.0,153.0,198.0
74,Ana,44.0,57,Ciudad A,F,197.0,198.0,150.0
426,Carlos,41.0,97,Ciudad D,F,155.0,198.0,162.0
728,Juan,54.0,53,Ciudad E,M,153.0,,186.0
627,Carlos,50.0,65,Ciudad A,F,158.0,,190.0
831,Carlos,21.0,90,Ciudad B,F,,193.0,164.0
119,Carlos,59.0,63,Ciudad C,F,190.0,180.0,185.0
676,Juan,,61,Ciudad D,F,180.0,186.0,173.0
337,Carlos,63.0,92,Ciudad B,F,173.0,183.0,193.0
434,Luis,56.0,84,Ciudad B,M,160.0,,187.0
774,Luis,36.0,80,Ciudad B,M,183.0,152.0,
932,Luis,37.0,99,Ciudad B,F,178.0,181.0,172.0
340,María,,77,Ciudad B,M,159.0,160.0,163.0
197,Carlos,61.0,68,Ciudad C,M,,159.0,173.0
585,Luis,,55,Ciudad D,F,187.0,193.0,198.0
336,María,,62,Ciudad E,F,164.0,180.0,167.0
859,Carlos,38.0,93,Ciudad D,M,199.0,,164.0
902,Juan,43.0,69,Ciudad D,F,,176.0,192.0
996,Ana,44.0,88,Ciudad D,M,,190.0,165.0
760,Carlos,21.0,52,Ciudad E,M,160.0,156.0,
883,Ana,64.0,98,Ciudad C,F,162.0,159.0,168.0
677,Carlos,61.0,96,Ciudad D,F,193.0,153.0,
571,Carlos,34.0,53,Ciudad E,F,,182.0,
853,Luis,50.0,68,Ciudad C,F,200.0,177.0,162.0
657,Juan,33.0,91,Ciudad D,F,160.0,197.0,192.0
780,Luis,20.0,79,Ciudad B,F,,188.0,169.0
678,Carlos,52.0,67,Ciudad C,M,,150.0,194.0
193,Luis,23.0,85,Ciudad D,M,162.0,181.0,200.0
165,Luis,,74,Ciudad C,M,200.0,176.0,187.0
635,María,19.0,97,Ciudad E,M,194.0,200.0,
188,Juan,51.0,55,Ciudad B,F,151.0,,197.0
281,María,42.0,72,Ciudad B,M,166.0,,
682,Carlos,37.0,60,Ciudad E,F,153.0,175.0,
474,Juan,54.0,54,Ciudad A,M,197.0,187.0,185.0
916,Juan,28.0,72,Ciudad D,F,159.0,154.0,
489,Carlos,54.0,97,Ciudad C,F,174.0,186.0,188.0
313,Juan,43.0,83,Ciudad A,F,,195.0,173.0
62,Ana,19.0,73,Ciudad C,F,193.0,,
570,María,62.0,90,Ciudad D,M,200.0,161.0,160.0
674,Juan,56.0,54,Ciudad D,F,153.0,164.0,
685,María,,82,Ciudad C,M,168.0,186.0,
89,María,37.0,96,Ciudad E,F,196.0,180.0,186.0
518,María,56.0,96,Ciudad E,M,170.0,182.0,199.0
855,Ana,60.0,74,Ciudad E,F,,,162.0
726,Luis,57.0,61,Ciudad A,M,,196.0,199.0
241,Luis,50.0,71,Ciudad B,F,189.0,,
589,Luis,19.0,55,Ciudad A,M,164.0,,155.0
502,Juan,19.0,96,Ciudad E,M,167.0,162.0,166.0
415,Juan,,83,Ciudad B,M,186.0,161.0,169.0
958,María,33.0,60,Ciudad C,F,158.0,167.0,167.0
664,Carlos,30.0,52,Ciudad D,F,,151.0,154.0
86,Ana,47.0,66,Ciudad B,F,179.0,168.0,181.0
549,Carlos,65.0,90,Ciudad A,M,157.0,153.0,190.0
673,Carlos,26.0,71,Ciudad B,M,167.0,170.0,199.0
417,María,65.0,69,Ciudad D,M,186.0,,151.0
916,María,53.0,72,Ciudad B,M,155.0,167.0,170.0
427,María,,58,Ciudad B,M,,184.0,
464,Carlos,,65,Ciudad E,F,156.0,158.0,
930,Carlos,19.0,74,Ciudad E,M,177.0,177.0,
860,Ana,61.0,89,Ciudad B,F,,,154.0
174,Carlos,,50,Ciudad D,M,176.0,159.0,188.0
738,Carlos,47.0,89,Ciudad B,M,195.0,187.0,151.0
552,Luis,,56,Ciudad A,F,,198.0,
264,Carlos,58.0,79,Ciudad C,F,200.0,174.0,187.0
835,Ana,28.0,84,Ciudad C,F,176.0,178.0,184.0
414,Ana,,88,Ciudad D,F,,154.0,179.0
947,María,39.0,73,Ciudad B,M,170.0,,175.0
66,Juan,36.0,94,Ciudad D,M,159.0,168.0,
330,María,29.0,59,Ciudad B,M,,,194.0
975,Luis,47.0,83,Ciudad A,F,150.0,168.0,
399,Juan,47.0,55,Ciudad B,F,,176.0,179.0
362,Carlos,53.0,89,Ciudad A,F,161.0,,192.0
526,María,41.0,54,Ciudad C,M,164.0,,157.0
228,Luis,64.0,50,Ciudad A,M,180.0,183.0,192.0
345,Luis,60.0,60,Ciudad B,M,167.0,199.0,167.0
903,Juan,55.0,95,Ciudad E,M,191.0,165.0,
287,Ana,,56,Ciudad E,F,182.0,,185.0
922,Carlos,41.0,94,Ciudad E,F,195.0,178.0,153.0
560,Ana,65.0,57,Ciudad D,F,,160.0,
245,Juan,,98,Ciudad E,F,174.0,172.0,167.0
987,Luis,27.0,99,Ciudad B,M,163.0,184.0,176.0
900,Carlos,44.0,85,Ciudad E,M,181.0,,190.0
990,Luis,57.0,79,Ciudad B,M,176.0,170.0,155.0
224,Luis,60.0,97,Ciudad D,F,171.0,,
874,Luis,21.0,80,Ciudad C,M,,161.0,169.0
888,María,64.0,59,Ciudad A,M,171.0,,183.0
68,Luis,56.0,72,Ciudad A,F,187.0,,193.0
559,Juan,40.0,83,Ciudad B,F,153.0,165.0,162.0
816,Luis,41.0,82,Ciudad E,M,,153.0,
983,Luis,49.0,67,Ciudad D,F,,155.0,161.0
